taxon	accession	organism	serogroup
BBD13857|Akabane_virus	BBD13857	Akabane virus	Simbu
AWH61308|Akabane_virus	AWH61308	Akabane virus	Simbu
BAE97786|Akabane_virus	BAE97786	Akabane virus	Simbu
AWH61299|Akabane_virus	AWH61299	Akabane virus	Simbu
BAA24214|Akabane_virus	BAA24214	Akabane virus	Simbu
BBD13853|Akabane_virus	BBD13853	Akabane virus	Simbu
BAA24212|Akabane_virus	BAA24212	Akabane virus	Simbu
BBD13837|Akabane_virus	BBD13837	Akabane virus	Simbu
BBD13849|Akabane_virus	BBD13849	Akabane virus	Simbu
BAE98068|Akabane_virus	BAE98068	Akabane virus	Simbu
BAF75850|Akabane_virus	BAF75850	Akabane virus	Simbu
AAC61307|Akabane_virus	AAC61307	Akabane virus	Simbu
BBD13843|Akabane_virus	BBD13843	Akabane virus	Simbu
AWH61305|Akabane_virus	AWH61305	Akabane virus	Simbu
BAE97784|Akabane_virus	BAE97784	Akabane virus	Simbu
BAE98064|Akabane_virus	BAE98064	Akabane virus	Simbu
BAE98058|Akabane_virus	BAE98058	Akabane virus	Simbu
BBD13839|Akabane_virus	BBD13839	Akabane virus	Simbu
BAE98066|Akabane_virus	BAE98066	Akabane virus	Simbu
BAE97788|Akabane_virus	BAE97788	Akabane virus	Simbu
BAE98060|Akabane_virus	BAE98060	Akabane virus	Simbu
BAE97796|Akabane_virus	BAE97796	Akabane virus	Simbu
AFG29986|Akabane_virus	AFG29986	Akabane virus	Simbu
BBD13845|Akabane_virus	BBD13845	Akabane virus	Simbu
BBD13809|Akabane_virus	BBD13809	Akabane virus	Simbu
BBD13841|Akabane_virus	BBD13841	Akabane virus	Simbu
BBD13851|Akabane_virus	BBD13851	Akabane virus	Simbu
BAE97858|Akabane_virus	BAE97858	Akabane virus	Simbu
AWH61309|Akabane_virus	AWH61309	Akabane virus	Simbu
BAE97782|Akabane_virus	BAE97782	Akabane virus	Simbu
BAA24213|Akabane_virus	BAA24213	Akabane virus	Simbu
BAE97794|Akabane_virus	BAE97794	Akabane virus	Simbu
BBD13847|Akabane_virus	BBD13847	Akabane virus	Simbu
BAE97802|Akabane_virus	BAE97802	Akabane virus	Simbu
AFG29985|Akabane_virus	AFG29985	Akabane virus	Simbu
BAE97798|Akabane_virus	BAE97798	Akabane virus	Simbu
AFG29984|Akabane_virus	AFG29984	Akabane virus	Simbu
AWH61303|Akabane_virus	AWH61303	Akabane virus	Simbu
BAE97792|Akabane_virus	BAE97792	Akabane virus	Simbu
BAA24210|Akabane_virus	BAA24210	Akabane virus	Simbu
AWH61306|Akabane_virus	AWH61306	Akabane virus	Simbu
BAE98062|Akabane_virus	BAE98062	Akabane virus	Simbu
BAE97790|Akabane_virus	BAE97790	Akabane virus	Simbu
AWH61307|Akabane_virus	AWH61307	Akabane virus	Simbu
BAE97800|Akabane_virus	BAE97800	Akabane virus	Simbu
BBD13855|Akabane_virus	BBD13855	Akabane virus	Simbu
AAQ86762|Akabane_virus	AAQ86762	Akabane virus	Simbu
QWW18631|Akabane_orthobunyavirus	QWW18631	Akabane orthobunyavirus	Simbu
BAE97920|Akabane_virus	BAE97920	Akabane virus	Simbu
BAA24223|Akabane_virus	BAA24223	Akabane virus	Simbu
BAE97804|Akabane_virus	BAE97804	Akabane virus	Simbu
BAE97818|Akabane_virus	BAE97818	Akabane virus	Simbu
BAE97814|Akabane_virus	BAE97814	Akabane virus	Simbu
BAE97832|Akabane_virus	BAE97832	Akabane virus	Simbu
BAE97828|Akabane_virus	BAE97828	Akabane virus	Simbu
BAE97838|Akabane_virus	BAE97838	Akabane virus	Simbu
BAE97836|Akabane_virus	BAE97836	Akabane virus	Simbu
BAA24224|Akabane_virus	BAA24224	Akabane virus	Simbu
BAE97816|Akabane_virus	BAE97816	Akabane virus	Simbu
BAA24219|Akabane_virus	BAA24219	Akabane virus	Simbu
BAA24222|Akabane_virus	BAA24222	Akabane virus	Simbu
BAE97834|Akabane_virus	BAE97834	Akabane virus	Simbu
BAE97820|Akabane_virus	BAE97820	Akabane virus	Simbu
BAA24217|Akabane_virus	BAA24217	Akabane virus	Simbu
BAA24220|Akabane_virus	BAA24220	Akabane virus	Simbu
BAE97812|Akabane_virus	BAE97812	Akabane virus	Simbu
BAE97840|Akabane_virus	BAE97840	Akabane virus	Simbu
BAE97808|Akabane_virus	BAE97808	Akabane virus	Simbu
BAE97810|Akabane_virus	BAE97810	Akabane virus	Simbu
BAE97830|Akabane_virus	BAE97830	Akabane virus	Simbu
BAE97842|Akabane_virus	BAE97842	Akabane virus	Simbu
BAE97822|Akabane_virus	BAE97822	Akabane virus	Simbu
BAE97806|Akabane_virus	BAE97806	Akabane virus	Simbu
BAE97844|Akabane_virus	BAE97844	Akabane virus	Simbu
AFG29987|Akabane_virus	AFG29987	Akabane virus	Simbu
AWH61302|Akabane_virus	AWH61302	Akabane virus	Simbu
BBD13835|Akabane_virus	BBD13835	Akabane virus	Simbu
BBD13829|Akabane_virus	BBD13829	Akabane virus	Simbu
BBD13833|Akabane_virus	BBD13833	Akabane virus	Simbu
AWH61300|Akabane_virus	AWH61300	Akabane virus	Simbu
BAF75846|Akabane_virus	BAF75846	Akabane virus	Simbu
AWH61301|Akabane_virus	AWH61301	Akabane virus	Simbu
AWH61304|Akabane_virus	AWH61304	Akabane virus	Simbu
BAA24218|Akabane_virus	BAA24218	Akabane virus	Simbu
ACT37425|Akabane_virus	ACT37425	Akabane virus	Simbu
ABJ15797|Akabane_virus	ABJ15797	Akabane virus	Simbu
ABJ15799|Akabane_virus	ABJ15799	Akabane virus	Simbu
AAQ92318|Akabane_virus	AAQ92318	Akabane virus	Simbu
AXP32077|Tinaroo_virus	AXP32077	Tinaroo virus	Simbu
BBD13827|Akabane_virus	BBD13827	Akabane virus	Simbu
BBD13831|Akabane_virus	BBD13831	Akabane virus	Simbu
BAE97930|Akabane_virus	BAE97930	Akabane virus	Simbu
BAE97862|Akabane_virus	BAE97862	Akabane virus	Simbu
BAE97850|Akabane_virus	BAE97850	Akabane virus	Simbu
BAE97966|Akabane_virus	BAE97966	Akabane virus	Simbu
BAE97890|Akabane_virus	BAE97890	Akabane virus	Simbu
BAE97936|Akabane_virus	BAE97936	Akabane virus	Simbu
AAC61309|Akabane_virus	AAC61309	Akabane virus	Simbu
BAE97962|Akabane_virus	BAE97962	Akabane virus	Simbu
BAE97824|Akabane_virus	BAE97824	Akabane virus	Simbu
BAE97852|Akabane_virus	BAE97852	Akabane virus	Simbu
BAA24215|Akabane_virus	BAA24215	Akabane virus	Simbu
BAE97914|Akabane_virus	BAE97914	Akabane virus	Simbu
BAE97904|Akabane_virus	BAE97904	Akabane virus	Simbu
BAE97932|Akabane_virus	BAE97932	Akabane virus	Simbu
BAE97888|Akabane_virus	BAE97888	Akabane virus	Simbu
BAE97946|Akabane_virus	BAE97946	Akabane virus	Simbu
BAE97826|Akabane_virus	BAE97826	Akabane virus	Simbu
BAE97910|Akabane_virus	BAE97910	Akabane virus	Simbu
BAE97924|Akabane_virus	BAE97924	Akabane virus	Simbu
BAE97892|Akabane_virus	BAE97892	Akabane virus	Simbu
BAA24207|Akabane_virus	BAA24207	Akabane virus	Simbu
QQH14722|Akabane_virus	QQH14722	Akabane virus	Simbu
BAA24221|Akabane_virus	BAA24221	Akabane virus	Simbu
BAE97922|Akabane_virus	BAE97922	Akabane virus	Simbu
BAE97898|Akabane_virus	BAE97898	Akabane virus	Simbu
BAE97918|Akabane_virus	BAE97918	Akabane virus	Simbu
BBD13811|Akabane_virus	BBD13811	Akabane virus	Simbu
BAE97908|Akabane_virus	BAE97908	Akabane virus	Simbu
BAE97944|Akabane_virus	BAE97944	Akabane virus	Simbu
BAA24216|Akabane_virus	BAA24216	Akabane virus	Simbu
BAA24203|Akabane_virus	BAA24203	Akabane virus	Simbu
BAF75848|Akabane_virus	BAF75848	Akabane virus	Simbu
BBD13817|Akabane_virus	BBD13817	Akabane virus	Simbu
BAE97938|Akabane_virus	BAE97938	Akabane virus	Simbu
BBD13823|Akabane_virus	BBD13823	Akabane virus	Simbu
BAE97950|Akabane_virus	BAE97950	Akabane virus	Simbu
BAE97926|Akabane_virus	BAE97926	Akabane virus	Simbu
BAE97864|Akabane_virus	BAE97864	Akabane virus	Simbu
BAE97866|Akabane_virus	BAE97866	Akabane virus	Simbu
BAE97896|Akabane_virus	BAE97896	Akabane virus	Simbu
BAE97928|Akabane_virus	BAE97928	Akabane virus	Simbu
BAE97912|Akabane_virus	BAE97912	Akabane virus	Simbu
BAE97916|Akabane_virus	BAE97916	Akabane virus	Simbu
BBD13825|Akabane_virus	BBD13825	Akabane virus	Simbu
BAE97906|Akabane_virus	BAE97906	Akabane virus	Simbu
BAA24209|Akabane_virus	BAA24209	Akabane virus	Simbu
BBD13819|Akabane_virus	BBD13819	Akabane virus	Simbu
BAE97948|Akabane_virus	BAE97948	Akabane virus	Simbu
AAC61303|Akabane_virus	AAC61303	Akabane virus	Simbu
BAE97780|Akabane_virus	BAE97780	Akabane virus	Simbu
BBD13821|Akabane_virus	BBD13821	Akabane virus	Simbu
BAA24208|Akabane_virus	BAA24208	Akabane virus	Simbu
BAR94031|Akabane_virus	BAR94031	Akabane virus	Simbu
BBD13813|Akabane_virus	BBD13813	Akabane virus	Simbu
BAE97894|Akabane_virus	BAE97894	Akabane virus	Simbu
BAE97964|Akabane_virus	BAE97964	Akabane virus	Simbu
BAE97934|Akabane_virus	BAE97934	Akabane virus	Simbu
BAA24201|Akabane_virus	BAA24201	Akabane virus	Simbu
BAE97940|Akabane_virus	BAE97940	Akabane virus	Simbu
BAE97902|Akabane_virus	BAE97902	Akabane virus	Simbu
BCG45240|Akabane_virus	BCG45240	Akabane virus	Simbu
BAE97856|Akabane_virus	BAE97856	Akabane virus	Simbu
BAE97860|Akabane_virus	BAE97860	Akabane virus	Simbu
BBD13815|Akabane_virus	BBD13815	Akabane virus	Simbu
BAE97942|Akabane_virus	BAE97942	Akabane virus	Simbu
BAE97854|Akabane_virus	BAE97854	Akabane virus	Simbu
BAA24206|Akabane_virus	BAA24206	Akabane virus	Simbu
BAE97900|Akabane_virus	BAE97900	Akabane virus	Simbu
ACT37426|Akabane_virus	ACT37426	Akabane virus	Simbu
ACT37424|Akabane_virus	ACT37424	Akabane virus	Simbu
BAE97886|Akabane_virus	BAE97886	Akabane virus	Simbu
BAE97880|Akabane_virus	BAE97880	Akabane virus	Simbu
BAE97878|Akabane_virus	BAE97878	Akabane virus	Simbu
BAE97882|Akabane_virus	BAE97882	Akabane virus	Simbu
BAE97876|Akabane_virus	BAE97876	Akabane virus	Simbu
BAE97884|Akabane_virus	BAE97884	Akabane virus	Simbu
BAE97874|Akabane_virus	BAE97874	Akabane virus	Simbu
BAE97868|Akabane_virus	BAE97868	Akabane virus	Simbu
BAE97870|Akabane_virus	BAE97870	Akabane virus	Simbu
BAE97872|Akabane_virus	BAE97872	Akabane virus	Simbu
BAE98056|Akabane_virus	BAE98056	Akabane virus	Simbu
BAE98046|Akabane_virus	BAE98046	Akabane virus	Simbu
BAE98042|Akabane_virus	BAE98042	Akabane virus	Simbu
BAE98008|Akabane_virus	BAE98008	Akabane virus	Simbu
BAE98012|Akabane_virus	BAE98012	Akabane virus	Simbu
BAE98016|Akabane_virus	BAE98016	Akabane virus	Simbu
BAE97980|Akabane_virus	BAE97980	Akabane virus	Simbu
BAE98010|Akabane_virus	BAE98010	Akabane virus	Simbu
BAE98002|Akabane_virus	BAE98002	Akabane virus	Simbu
BAE98006|Akabane_virus	BAE98006	Akabane virus	Simbu
BAE97984|Akabane_virus	BAE97984	Akabane virus	Simbu
BAE98036|Akabane_virus	BAE98036	Akabane virus	Simbu
AAC61305|Akabane_virus	AAC61305	Akabane virus	Simbu
BAE97994|Akabane_virus	BAE97994	Akabane virus	Simbu
BAE97968|Akabane_virus	BAE97968	Akabane virus	Simbu
BAE97998|Akabane_virus	BAE97998	Akabane virus	Simbu
BAE98004|Akabane_virus	BAE98004	Akabane virus	Simbu
AWH61313|Akabane_virus	AWH61313	Akabane virus	Simbu
AWH61312|Akabane_virus	AWH61312	Akabane virus	Simbu
BAE97848|Akabane_virus	BAE97848	Akabane virus	Simbu
BAE98028|Akabane_virus	BAE98028	Akabane virus	Simbu
BAE98014|Akabane_virus	BAE98014	Akabane virus	Simbu
BAE98038|Akabane_virus	BAE98038	Akabane virus	Simbu
BAE98048|Akabane_virus	BAE98048	Akabane virus	Simbu
BAE97996|Akabane_virus	BAE97996	Akabane virus	Simbu
BAE97846|Akabane_virus	BAE97846	Akabane virus	Simbu
BAE97990|Akabane_virus	BAE97990	Akabane virus	Simbu
BAE98026|Akabane_virus	BAE98026	Akabane virus	Simbu
AAM94342|Akabane_virus	AAM94342	Akabane virus	Simbu
BAE97954|Akabane_virus	BAE97954	Akabane virus	Simbu
BAE97974|Akabane_virus	BAE97974	Akabane virus	Simbu
BAE98000|Akabane_virus	BAE98000	Akabane virus	Simbu
BAE97956|Akabane_virus	BAE97956	Akabane virus	Simbu
BAE97976|Akabane_virus	BAE97976	Akabane virus	Simbu
AWH61315|Akabane_virus	AWH61315	Akabane virus	Simbu
BAE97960|Akabane_virus	BAE97960	Akabane virus	Simbu
BAE98018|Akabane_virus	BAE98018	Akabane virus	Simbu
BAE98034|Akabane_virus	BAE98034	Akabane virus	Simbu
BAE97982|Akabane_virus	BAE97982	Akabane virus	Simbu
BAE98030|Akabane_virus	BAE98030	Akabane virus	Simbu
BAE97978|Akabane_virus	BAE97978	Akabane virus	Simbu
BAE98052|Akabane_virus	BAE98052	Akabane virus	Simbu
BAE97970|Akabane_virus	BAE97970	Akabane virus	Simbu
BAE97986|Akabane_virus	BAE97986	Akabane virus	Simbu
BAE97958|Akabane_virus	BAE97958	Akabane virus	Simbu
BAE98050|Akabane_virus	BAE98050	Akabane virus	Simbu
BAE97972|Akabane_virus	BAE97972	Akabane virus	Simbu
BAE97988|Akabane_virus	BAE97988	Akabane virus	Simbu
BAE98020|Akabane_virus	BAE98020	Akabane virus	Simbu
BAA24211|Akabane_virus	BAA24211	Akabane virus	Simbu
BAE98032|Akabane_virus	BAE98032	Akabane virus	Simbu
BAE97992|Akabane_virus	BAE97992	Akabane virus	Simbu
BAE98024|Akabane_virus	BAE98024	Akabane virus	Simbu
BAE97952|Akabane_virus	BAE97952	Akabane virus	Simbu
BAE98040|Akabane_virus	BAE98040	Akabane virus	Simbu
BAE98022|Akabane_virus	BAE98022	Akabane virus	Simbu
BAE98044|Akabane_virus	BAE98044	Akabane virus	Simbu
BAE98054|Akabane_virus	BAE98054	Akabane virus	Simbu
AWH61314|Akabane_virus	AWH61314	Akabane virus	Simbu
QWW18633|Akabane_orthobunyavirus	QWW18633	Akabane orthobunyavirus	Simbu
UXG07021|Akabane_orthobunyavirus	UXG07021	Akabane orthobunyavirus	Simbu
QWW18637|Akabane_orthobunyavirus	QWW18637	Akabane orthobunyavirus	Simbu
UGK54255|Akabane_orthobunyavirus	UGK54255	Akabane orthobunyavirus	Simbu
QWW18625|Akabane_orthobunyavirus	QWW18625	Akabane orthobunyavirus	Simbu
QWW18639|Akabane_orthobunyavirus	QWW18639	Akabane orthobunyavirus	Simbu
BBD13867|Akabane_virus	BBD13867	Akabane virus	Simbu
QQL13653|Akabane_virus	QQL13653	Akabane virus	Simbu
BBD13859|Akabane_virus	BBD13859	Akabane virus	Simbu
BBD13863|Akabane_virus	BBD13863	Akabane virus	Simbu
QFZ79363|Akabane_virus	QFZ79363	Akabane virus	Simbu
BBD13861|Akabane_virus	BBD13861	Akabane virus	Simbu
BBD13865|Akabane_virus	BBD13865	Akabane virus	Simbu
ASM94313|Akabane_virus	ASM94313	Akabane virus	Simbu
AYO61085|Akabane_virus	AYO61085	Akabane virus	Simbu
ANO39152|Akabane_virus	ANO39152	Akabane virus	Simbu
ASM94310|Akabane_virus	ASM94310	Akabane virus	Simbu
BAE98070|Akabane_virus	BAE98070	Akabane virus	Simbu
ASM94316|Akabane_virus	ASM94316	Akabane virus	Simbu
AWH61311|Akabane_virus	AWH61311	Akabane virus	Simbu
ASM94322|Akabane_virus	ASM94322	Akabane virus	Simbu
QFZ79367|Akabane_virus	QFZ79367	Akabane virus	Simbu
APU93385|Akabane_virus	APU93385	Akabane virus	Simbu
QFZ79361|Akabane_virus	QFZ79361	Akabane virus	Simbu
AWH61310|Akabane_virus	AWH61310	Akabane virus	Simbu
ASM94325|Akabane_virus	ASM94325	Akabane virus	Simbu
AKP63315|Akabane_virus	AKP63315	Akabane virus	Simbu
QFZ79365|Akabane_virus	QFZ79365	Akabane virus	Simbu
ASM94319|Akabane_virus	ASM94319	Akabane virus	Simbu
AZW33608|Akabane_virus	AZW33608	Akabane virus	Simbu
AZW33609|Akabane_virus	AZW33609	Akabane virus	Simbu
BAG54917|Akabane_virus	BAG54917	Akabane virus	Simbu
BAG54907|Akabane_virus	BAG54907	Akabane virus	Simbu
BAG54909|Akabane_virus	BAG54909	Akabane virus	Simbu
BAG54905|Akabane_virus	BAG54905	Akabane virus	Simbu
BCG45236|Akabane_virus	BCG45236	Akabane virus	Simbu
BAG54913|Akabane_virus	BAG54913	Akabane virus	Simbu
BAG54911|Akabane_virus	BAG54911	Akabane virus	Simbu
BAG54894|Akabane_virus	BAG54894	Akabane virus	Simbu
BAG54899|Akabane_virus	BAG54899	Akabane virus	Simbu
BAG54903|Akabane_virus	BAG54903	Akabane virus	Simbu
BAG54901|Akabane_virus	BAG54901	Akabane virus	Simbu
BAG54897|Akabane_virus	BAG54897	Akabane virus	Simbu
BAG54915|Akabane_virus	BAG54915	Akabane virus	Simbu
BAA24205|Akabane_virus	BAA24205	Akabane virus	Simbu
BAA24204|Akabane_virus	BAA24204	Akabane virus	Simbu
AAL78231|Yaba-7_virus	AAL78231	Yaba-7 virus	Simbu
AXP32088|Yaba-7_virus	AXP32088	Yaba-7 virus	Simbu
BAE98072|Akabane_virus	BAE98072	Akabane virus	Simbu
CCG93481|Sabo_virus	CCG93481	Sabo virus	Simbu
QCR98090|Akabane_orthobunyavirus	QCR98090	Akabane orthobunyavirus	Simbu
QCR98092|Akabane_orthobunyavirus	QCR98092	Akabane orthobunyavirus	Simbu
AAL78239|Sabo_virus	AAL78239	Sabo virus	Simbu
AVK60066|Schmallenberg_virus	AVK60066	Schmallenberg virus	Simbu
ANJ16571|Schmallenberg_virus	ANJ16571	Schmallenberg virus	Simbu
AGC93545|Schmallenberg_virus	AGC93545	Schmallenberg virus	Simbu
AGC93548|Schmallenberg_virus	AGC93548	Schmallenberg virus	Simbu
ANJ16565|Schmallenberg_virus	ANJ16565	Schmallenberg virus	Simbu
ANJ16587|Schmallenberg_virus	ANJ16587	Schmallenberg virus	Simbu
ANJ16581|Schmallenberg_virus	ANJ16581	Schmallenberg virus	Simbu
ANJ16561|Schmallenberg_virus	ANJ16561	Schmallenberg virus	Simbu
BBA58088|Schmallenberg_virus	BBA58088	Schmallenberg virus	Simbu
ANJ16573|Schmallenberg_virus	ANJ16573	Schmallenberg virus	Simbu
AGD94632|Schmallenberg_virus	AGD94632	Schmallenberg virus	Simbu
BBA58074|Schmallenberg_virus	BBA58074	Schmallenberg virus	Simbu
AGC93552|Schmallenberg_virus	AGC93552	Schmallenberg virus	Simbu
BBA58098|Schmallenberg_virus	BBA58098	Schmallenberg virus	Simbu
ANJ16569|Schmallenberg_virus	ANJ16569	Schmallenberg virus	Simbu
BBA58108|Schmallenberg_virus	BBA58108	Schmallenberg virus	Simbu
AGC93554|Schmallenberg_virus	AGC93554	Schmallenberg virus	Simbu
AGC93546|Schmallenberg_virus	AGC93546	Schmallenberg virus	Simbu
AGD94630|Schmallenberg_virus	AGD94630	Schmallenberg virus	Simbu
ANJ16559|Schmallenberg_virus	ANJ16559	Schmallenberg virus	Simbu
BBA58086|Schmallenberg_virus	BBA58086	Schmallenberg virus	Simbu
BBA58062|Schmallenberg_virus	BBA58062	Schmallenberg virus	Simbu
ANJ16591|Schmallenberg_virus	ANJ16591	Schmallenberg virus	Simbu
ANJ16557|Schmallenberg_virus	ANJ16557	Schmallenberg virus	Simbu
AGD94636|Schmallenberg_virus	AGD94636	Schmallenberg virus	Simbu
BBA58092|Schmallenberg_virus	BBA58092	Schmallenberg virus	Simbu
ANJ16585|Schmallenberg_virus	ANJ16585	Schmallenberg virus	Simbu
BBA58106|Schmallenberg_virus	BBA58106	Schmallenberg virus	Simbu
AGC93538|Schmallenberg_virus	AGC93538	Schmallenberg virus	Simbu
BBA58104|Schmallenberg_virus	BBA58104	Schmallenberg virus	Simbu
AGD94640|Schmallenberg_virus	AGD94640	Schmallenberg virus	Simbu
ANJ16583|Schmallenberg_virus	ANJ16583	Schmallenberg virus	Simbu
ANJ16563|Schmallenberg_virus	ANJ16563	Schmallenberg virus	Simbu
BBA58068|Schmallenberg_virus	BBA58068	Schmallenberg virus	Simbu
AGD94634|Schmallenberg_virus	AGD94634	Schmallenberg virus	Simbu
AGC93541|Schmallenberg_virus	AGC93541	Schmallenberg virus	Simbu
AGU16233|Schmallenberg_virus	AGU16233	Schmallenberg virus	Simbu
BBA58078|Schmallenberg_virus	BBA58078	Schmallenberg virus	Simbu
AGC93543|Schmallenberg_virus	AGC93543	Schmallenberg virus	Simbu
ANJ16567|Schmallenberg_virus	ANJ16567	Schmallenberg virus	Simbu
ANJ16579|Schmallenberg_virus	ANJ16579	Schmallenberg virus	Simbu
AGD94638|Schmallenberg_virus	AGD94638	Schmallenberg virus	Simbu
BBA58094|Schmallenberg_virus	BBA58094	Schmallenberg virus	Simbu
BBA58102|Schmallenberg_virus	BBA58102	Schmallenberg virus	Simbu
ANJ16589|Schmallenberg_virus	ANJ16589	Schmallenberg virus	Simbu
BBA58064|Schmallenberg_virus	BBA58064	Schmallenberg virus	Simbu
AGC93539|Schmallenberg_virus	AGC93539	Schmallenberg virus	Simbu
ANJ16575|Schmallenberg_virus	ANJ16575	Schmallenberg virus	Simbu
BBA58082|Schmallenberg_virus	BBA58082	Schmallenberg virus	Simbu
BBA58110|Schmallenberg_virus	BBA58110	Schmallenberg virus	Simbu
BBA58072|Schmallenberg_virus	BBA58072	Schmallenberg virus	Simbu
ANJ16577|Schmallenberg_virus	ANJ16577	Schmallenberg virus	Simbu
ANJ16597|Schmallenberg_virus	ANJ16597	Schmallenberg virus	Simbu
BBA58070|Schmallenberg_virus	BBA58070	Schmallenberg virus	Simbu
BBA58076|Schmallenberg_virus	BBA58076	Schmallenberg virus	Simbu
AVK60058|Schmallenberg_virus	AVK60058	Schmallenberg virus	Simbu
AVK60056|Schmallenberg_virus	AVK60056	Schmallenberg virus	Simbu
AGC93547|Schmallenberg_virus	AGC93547	Schmallenberg virus	Simbu
ANJ16625|Schmallenberg_virus	ANJ16625	Schmallenberg virus	Simbu
ANJ16627|Schmallenberg_virus	ANJ16627	Schmallenberg virus	Simbu
ANJ16629|Schmallenberg_virus	ANJ16629	Schmallenberg virus	Simbu
AVK60052|Schmallenberg_virus	AVK60052	Schmallenberg virus	Simbu
BBA58066|Schmallenberg_virus	BBA58066	Schmallenberg virus	Simbu
AGC93550|Schmallenberg_virus	AGC93550	Schmallenberg virus	Simbu
ANJ16613|Schmallenberg_virus	ANJ16613	Schmallenberg virus	Simbu
ANJ16611|Schmallenberg_virus	ANJ16611	Schmallenberg virus	Simbu
BBA58100|Schmallenberg_virus	BBA58100	Schmallenberg virus	Simbu
ANJ16603|Schmallenberg_virus	ANJ16603	Schmallenberg virus	Simbu
ANJ16605|Schmallenberg_virus	ANJ16605	Schmallenberg virus	Simbu
ANJ16609|Schmallenberg_virus	ANJ16609	Schmallenberg virus	Simbu
BBD13801|Shamonda_orthobunyavirus	BBD13801	Shamonda orthobunyavirus	Simbu
BBA58080|Schmallenberg_virus	BBA58080	Schmallenberg virus	Simbu
AGC93558|Schmallenberg_virus	AGC93558	Schmallenberg virus	Simbu
AKA63341|Schmallenberg_virus	AKA63341	Schmallenberg virus	Simbu
BAE93483|Shamonda_orthobunyavirus	BAE93483	Shamonda orthobunyavirus	Simbu
AVK60068|Schmallenberg_virus	AVK60068	Schmallenberg virus	Simbu
AKA63339|Schmallenberg_virus	AKA63339	Schmallenberg virus	Simbu
ANJ16553|Schmallenberg_virus	ANJ16553	Schmallenberg virus	Simbu
AVK60050|Schmallenberg_virus	AVK60050	Schmallenberg virus	Simbu
AQY63042|Schmallenberg_virus	AQY63042	Schmallenberg virus	Simbu
AVK60062|Schmallenberg_virus	AVK60062	Schmallenberg virus	Simbu
AGC84162|Schmallenberg_virus	AGC84162	Schmallenberg virus	Simbu
ANJ16555|Schmallenberg_virus	ANJ16555	Schmallenberg virus	Simbu
ANJ16607|Schmallenberg_virus	ANJ16607	Schmallenberg virus	Simbu
AVK60048|Schmallenberg_virus	AVK60048	Schmallenberg virus	Simbu
AGU16237|Schmallenberg_virus	AGU16237	Schmallenberg virus	Simbu
AKA63335|Schmallenberg_virus	AKA63335	Schmallenberg virus	Simbu
BBA58090|Schmallenberg_virus	BBA58090	Schmallenberg virus	Simbu
AGC93540|Schmallenberg_virus	AGC93540	Schmallenberg virus	Simbu
AQY63050|Schmallenberg_virus	AQY63050	Schmallenberg virus	Simbu
ANJ16535|Schmallenberg_virus	ANJ16535	Schmallenberg virus	Simbu
BAM15758|Shamonda_orthobunyavirus	BAM15758	Shamonda orthobunyavirus	Simbu
ANJ16551|Schmallenberg_virus	ANJ16551	Schmallenberg virus	Simbu
AGC93537|Schmallenberg_virus	AGC93537	Schmallenberg virus	Simbu
AQY63038|Schmallenberg_virus	AQY63038	Schmallenberg virus	Simbu
AQY63030|Schmallenberg_virus	AQY63030	Schmallenberg virus	Simbu
BBA58084|Schmallenberg_virus	BBA58084	Schmallenberg virus	Simbu
CCF55031|Schmallenberg_virus	CCF55031	Schmallenberg virus	Simbu
AGC93556|Schmallenberg_virus	AGC93556	Schmallenberg virus	Simbu
AKA63337|Schmallenberg_virus	AKA63337	Schmallenberg virus	Simbu
ANJ16537|Schmallenberg_virus	ANJ16537	Schmallenberg virus	Simbu
BAE93489|Shamonda_orthobunyavirus	BAE93489	Shamonda orthobunyavirus	Simbu
AKE80986|Schmallenberg_virus	AKE80986	Schmallenberg virus	Simbu
AVK60064|Schmallenberg_virus	AVK60064	Schmallenberg virus	Simbu
ANJ16541|Schmallenberg_virus	ANJ16541	Schmallenberg virus	Simbu
AGC93549|Schmallenberg_virus	AGC93549	Schmallenberg virus	Simbu
BAE93493|Shamonda_orthobunyavirus	BAE93493	Shamonda orthobunyavirus	Simbu
AQY63034|Schmallenberg_virus	AQY63034	Schmallenberg virus	Simbu
AGC93553|Schmallenberg_virus	AGC93553	Schmallenberg virus	Simbu
AVK60054|Schmallenberg_virus	AVK60054	Schmallenberg virus	Simbu
ANJ16533|Schmallenberg_virus	ANJ16533	Schmallenberg virus	Simbu
AKA63331|Schmallenberg_virus	AKA63331	Schmallenberg virus	Simbu
AQY63026|Schmallenberg_virus	AQY63026	Schmallenberg virus	Simbu
CCG93493|Shamonda_orthobunyavirus	CCG93493	Shamonda orthobunyavirus	Simbu
ANJ16615|Schmallenberg_virus	ANJ16615	Schmallenberg virus	Simbu
ANJ16539|Schmallenberg_virus	ANJ16539	Schmallenberg virus	Simbu
BDU51764|Shamonda_orthobunyavirus	BDU51764	Shamonda orthobunyavirus	Simbu
BBD13797|Shamonda_orthobunyavirus	BBD13797	Shamonda orthobunyavirus	Simbu
BBA58096|Schmallenberg_virus	BBA58096	Schmallenberg virus	Simbu
ANJ16621|Schmallenberg_virus	ANJ16621	Schmallenberg virus	Simbu
AQY63046|Schmallenberg_virus	AQY63046	Schmallenberg virus	Simbu
AVK60060|Schmallenberg_virus	AVK60060	Schmallenberg virus	Simbu
BAE93485|Shamonda_orthobunyavirus	BAE93485	Shamonda orthobunyavirus	Simbu
BAE93491|Shamonda_orthobunyavirus	BAE93491	Shamonda orthobunyavirus	Simbu
ANJ16599|Schmallenberg_virus	ANJ16599	Schmallenberg virus	Simbu
QCR98096|Shamonda_orthobunyavirus	QCR98096	Shamonda orthobunyavirus	Simbu
AGC93555|Schmallenberg_virus	AGC93555	Schmallenberg virus	Simbu
BAE93487|Shamonda_orthobunyavirus	BAE93487	Shamonda orthobunyavirus	Simbu
ANJ16547|Schmallenberg_virus	ANJ16547	Schmallenberg virus	Simbu
AGC93557|Schmallenberg_virus	AGC93557	Schmallenberg virus	Simbu
AGC93544|Schmallenberg_virus	AGC93544	Schmallenberg virus	Simbu
AKA63333|Schmallenberg_virus	AKA63333	Schmallenberg virus	Simbu
ANJ16531|Schmallenberg_virus	ANJ16531	Schmallenberg virus	Simbu
ANJ16545|Schmallenberg_virus	ANJ16545	Schmallenberg virus	Simbu
AGC93542|Schmallenberg_virus	AGC93542	Schmallenberg virus	Simbu
ANJ16543|Schmallenberg_virus	ANJ16543	Schmallenberg virus	Simbu
AGC93559|Schmallenberg_virus	AGC93559	Schmallenberg virus	Simbu
BBA58112|Schmallenberg_virus	BBA58112	Schmallenberg virus	Simbu
ANJ16549|Schmallenberg_virus	ANJ16549	Schmallenberg virus	Simbu
AGC93551|Schmallenberg_virus	AGC93551	Schmallenberg virus	Simbu
ANJ16623|Schmallenberg_virus	ANJ16623	Schmallenberg virus	Simbu
ANJ16595|Schmallenberg_virus	ANJ16595	Schmallenberg virus	Simbu
ANJ16593|Schmallenberg_virus	ANJ16593	Schmallenberg virus	Simbu
ANJ16619|Schmallenberg_virus	ANJ16619	Schmallenberg virus	Simbu
ANJ16617|Schmallenberg_virus	ANJ16617	Schmallenberg virus	Simbu
ANJ16601|Schmallenberg_virus	ANJ16601	Schmallenberg virus	Simbu
BBD13799|Shamonda_orthobunyavirus	BBD13799	Shamonda orthobunyavirus	Simbu
AAL78255|Shamonda_orthobunyavirus	AAL78255	Shamonda orthobunyavirus	Simbu
BAM15754|Sathuperi_orthobunyavirus	BAM15754	Sathuperi orthobunyavirus	Simbu
BAM15752|Sathuperi_orthobunyavirus	BAM15752	Sathuperi orthobunyavirus	Simbu
BAD16777|Sathuperi_orthobunyavirus	BAD16777	Sathuperi orthobunyavirus	Simbu
CCG93489|Sathuperi_orthobunyavirus	CCG93489	Sathuperi orthobunyavirus	Simbu
QCR98098|Sathuperi_orthobunyavirus	QCR98098	Sathuperi orthobunyavirus	Simbu
AAL78253|Sathuperi_orthobunyavirus	AAL78253	Sathuperi orthobunyavirus	Simbu
AAL78233|Douglas_virus	AAL78233	Douglas virus	Simbu
CCG93473|Douglas_virus	CCG93473	Douglas virus	Simbu
BAQ23252|Sathuperi_orthobunyavirus	BAQ23252	Sathuperi orthobunyavirus	Simbu
BDU51760|Sathuperi_orthobunyavirus	BDU51760	Sathuperi orthobunyavirus	Simbu
BAM15756|Sathuperi_orthobunyavirus	BAM15756	Sathuperi orthobunyavirus	Simbu
CCG93485|Sango_virus	CCG93485	Sango virus	Simbu
QCR98100|Shuni_orthobunyavirus	QCR98100	Shuni orthobunyavirus	Simbu
UXG49542|Sango_virus	UXG49542	Sango virus	Simbu
BAJ16491|Peaton_virus	BAJ16491	Peaton virus	Simbu
QCR98102|Shuni_orthobunyavirus	QCR98102	Shuni orthobunyavirus	Simbu
AXP32048|Peaton_virus	AXP32048	Peaton virus	Simbu
AAL78249|Peaton_virus	AAL78249	Peaton virus	Simbu
UXG49538|Sango_virus	UXG49538	Sango virus	Simbu
CCG93477|Peaton_virus	CCG93477	Peaton virus	Simbu
AAL08116|Peaton_virus	AAL08116	Peaton virus	Simbu
AAL78251|Sango_virus	AAL78251	Sango virus	Simbu
BAG31275|Aino_virus	BAG31275	Aino virus	Simbu
AAL08118|Peaton_virus	AAL08118	Peaton virus	Simbu
BAJ16489|Peaton_virus	BAJ16489	Peaton virus	Simbu
BAJ16493|Peaton_virus	BAJ16493	Peaton virus	Simbu
BAJ16495|Peaton_virus	BAJ16495	Peaton virus	Simbu
AAL08120|Peaton_virus	AAL08120	Peaton virus	Simbu
QHS77043|Shuni_orthobunyavirus	QHS77043	Shuni orthobunyavirus	Simbu
AAL78257|Shuni_orthobunyavirus	AAL78257	Shuni orthobunyavirus	Simbu
AWL83668|Shuni_orthobunyavirus	AWL83668	Shuni orthobunyavirus	Simbu
AHE76171|Shuni_orthobunyavirus	AHE76171	Shuni orthobunyavirus	Simbu
ALK26470|Shuni_orthobunyavirus	ALK26470	Shuni orthobunyavirus	Simbu
WBU01527|Shuni_orthobunyavirus	WBU01527	Shuni orthobunyavirus	Simbu
UXE46269|Shuni_orthobunyavirus	UXE46269	Shuni orthobunyavirus	Simbu
ALK26483|Shuni_orthobunyavirus	ALK26483	Shuni orthobunyavirus	Simbu
ALK26496|Shuni_orthobunyavirus	ALK26496	Shuni orthobunyavirus	Simbu
UTE10681|Shuni_orthobunyavirus	UTE10681	Shuni orthobunyavirus	Simbu
AWL83672|Shuni_orthobunyavirus	AWL83672	Shuni orthobunyavirus	Simbu
ALK26478|Shuni_orthobunyavirus	ALK26478	Shuni orthobunyavirus	Simbu
AWL83664|Shuni_orthobunyavirus	AWL83664	Shuni orthobunyavirus	Simbu
AQM56674|Shuni_orthobunyavirus	AQM56674	Shuni orthobunyavirus	Simbu
CCH15005|Shuni_orthobunyavirus	CCH15005	Shuni orthobunyavirus	Simbu
ALK26481|Shuni_orthobunyavirus	ALK26481	Shuni orthobunyavirus	Simbu
ALK26495|Shuni_orthobunyavirus	ALK26495	Shuni orthobunyavirus	Simbu
ALK26474|Shuni_orthobunyavirus	ALK26474	Shuni orthobunyavirus	Simbu
AWL83660|Shuni_orthobunyavirus	AWL83660	Shuni orthobunyavirus	Simbu
AAA42543|Aino_virus	AAA42543	Aino virus	Simbu
BAG31343|Aino_virus	BAG31343	Aino virus	Simbu
BAG31295|Aino_virus	BAG31295	Aino virus	Simbu
BAG31293|Aino_virus	BAG31293	Aino virus	Simbu
BAG31313|Aino_virus	BAG31313	Aino virus	Simbu
BAG31285|Aino_virus	BAG31285	Aino virus	Simbu
BAG31279|Aino_virus	BAG31279	Aino virus	Simbu
BAG31281|Aino_virus	BAG31281	Aino virus	Simbu
BAG31283|Aino_virus	BAG31283	Aino virus	Simbu
BAG31291|Aino_virus	BAG31291	Aino virus	Simbu
BAG31339|Aino_virus	BAG31339	Aino virus	Simbu
BAG31317|Aino_virus	BAG31317	Aino virus	Simbu
BAG31277|Aino_virus	BAG31277	Aino virus	Simbu
BAG31311|Aino_virus	BAG31311	Aino virus	Simbu
BAG31319|Aino_virus	BAG31319	Aino virus	Simbu
BAG31333|Aino_virus	BAG31333	Aino virus	Simbu
BAG31321|Aino_virus	BAG31321	Aino virus	Simbu
BAG31331|Aino_virus	BAG31331	Aino virus	Simbu
BAG31325|Aino_virus	BAG31325	Aino virus	Simbu
BAG31299|Aino_virus	BAG31299	Aino virus	Simbu
BAG31289|Aino_virus	BAG31289	Aino virus	Simbu
BAG31309|Aino_virus	BAG31309	Aino virus	Simbu
BAG31287|Aino_virus	BAG31287	Aino virus	Simbu
BAG31327|Aino_virus	BAG31327	Aino virus	Simbu
BAG31307|Aino_virus	BAG31307	Aino virus	Simbu
BAG31305|Aino_virus	BAG31305	Aino virus	Simbu
BAG31315|Aino_virus	BAG31315	Aino virus	Simbu
BAG31337|Aino_virus	BAG31337	Aino virus	Simbu
BAG31335|Aino_virus	BAG31335	Aino virus	Simbu
BAG31301|Aino_virus	BAG31301	Aino virus	Simbu
AXP31992|Aino_virus	AXP31992	Aino virus	Simbu
CCG93469|Aino_virus	CCG93469	Aino virus	Simbu
BAG31297|Aino_virus	BAG31297	Aino virus	Simbu
BAG31329|Aino_virus	BAG31329	Aino virus	Simbu
BAG31323|Aino_virus	BAG31323	Aino virus	Simbu
BAG31341|Aino_virus	BAG31341	Aino virus	Simbu
AAL78235|Kaikalur_virus	AAL78235	Kaikalur virus	Simbu
AXP32020|Kaikalur_virus	AXP32020	Kaikalur virus	Simbu
BAG31303|Aino_virus	BAG31303	Aino virus	Simbu
CCG93497|Simbu_orthobunyavirus	CCG93497	Simbu orthobunyavirus	Simbu
AAL78241|Simbu_orthobunyavirus	AAL78241	Simbu orthobunyavirus	Simbu
AEH02961|Oropouche_virus	AEH02961	Oropouche virus	Simbu
AEH02957|Oropouche_virus	AEH02957	Oropouche virus	Simbu
AAU29355|Oropouche_virus	AAU29355	Oropouche virus	Simbu
AEH02951|Oropouche_virus	AEH02951	Oropouche virus	Simbu
AAU29349|Oropouche_virus	AAU29349	Oropouche virus	Simbu
AAU29357|Oropouche_virus	AAU29357	Oropouche virus	Simbu
AEH02955|Oropouche_virus	AEH02955	Oropouche virus	Simbu
AAU29353|Oropouche_virus	AAU29353	Oropouche virus	Simbu
AEH76143|Oropouche_virus	AEH76143	Oropouche virus	Simbu
AEH76146|Oropouche_virus	AEH76146	Oropouche virus	Simbu
AWU67003|Oropouche_virus	AWU67003	Oropouche virus	Simbu
AEH76147|Oropouche_virus	AEH76147	Oropouche virus	Simbu
AWU66999|Oropouche_virus	AWU66999	Oropouche virus	Simbu
AEH76145|Oropouche_virus	AEH76145	Oropouche virus	Simbu
AEH76148|Oropouche_virus	AEH76148	Oropouche virus	Simbu
AAU29347|Oropouche_virus	AAU29347	Oropouche virus	Simbu
AAU29343|Oropouche_virus	AAU29343	Oropouche virus	Simbu
AWU67007|Oropouche_virus	AWU67007	Oropouche virus	Simbu
AAU29351|Oropouche_virus	AAU29351	Oropouche virus	Simbu
AAU29359|Oropouche_virus	AAU29359	Oropouche virus	Simbu
AEH02959|Oropouche_virus	AEH02959	Oropouche virus	Simbu
AEH02953|Oropouche_virus	AEH02953	Oropouche virus	Simbu
AEH76144|Oropouche_virus	AEH76144	Oropouche virus	Simbu
AAU29345|Oropouche_virus	AAU29345	Oropouche virus	Simbu
AWU66927|Oropouche_virus	AWU66927	Oropouche virus	Simbu
AAU29341|Oropouche_virus	AAU29341	Oropouche virus	Simbu
AEH02971|Oropouche_virus	AEH02971	Oropouche virus	Simbu
AEH76150|Oropouche_virus	AEH76150	Oropouche virus	Simbu
AEH02965|Oropouche_virus	AEH02965	Oropouche virus	Simbu
ABO48517|Oropouche_virus	ABO48517	Oropouche virus	Simbu
AWU67035|Oropouche_virus	AWU67035	Oropouche virus	Simbu
AEH76149|Oropouche_virus	AEH76149	Oropouche virus	Simbu
AEH02967|Oropouche_virus	AEH02967	Oropouche virus	Simbu
AEH76153|Oropouche_virus	AEH76153	Oropouche virus	Simbu
AWU67019|Oropouche_virus	AWU67019	Oropouche virus	Simbu
AEH76152|Oropouche_virus	AEH76152	Oropouche virus	Simbu
AWU67027|Oropouche_virus	AWU67027	Oropouche virus	Simbu
AEH02963|Oropouche_virus	AEH02963	Oropouche virus	Simbu
AWU67031|Oropouche_virus	AWU67031	Oropouche virus	Simbu
AEH02969|Oropouche_virus	AEH02969	Oropouche virus	Simbu
AEH02925|Oropouche_virus	AEH02925	Oropouche virus	Simbu
AWU66915|Oropouche_virus	AWU66915	Oropouche virus	Simbu
AWU66911|Oropouche_virus	AWU66911	Oropouche virus	Simbu
AEH02923|Oropouche_virus	AEH02923	Oropouche virus	Simbu
AEH02909|Oropouche_virus	AEH02909	Oropouche virus	Simbu
AEH76132|Oropouche_virus	AEH76132	Oropouche virus	Simbu
ABO48511|Oropouche_virus	ABO48511	Oropouche virus	Simbu
AEH02947|Oropouche_virus	AEH02947	Oropouche virus	Simbu
AEH02911|Oropouche_virus	AEH02911	Oropouche virus	Simbu
AEH02917|Oropouche_virus	AEH02917	Oropouche virus	Simbu
AEH02915|Oropouche_virus	AEH02915	Oropouche virus	Simbu
AWU66979|Oropouche_virus	AWU66979	Oropouche virus	Simbu
AWU66923|Oropouche_virus	AWU66923	Oropouche virus	Simbu
AEH02939|Oropouche_virus	AEH02939	Oropouche virus	Simbu
AWU66983|Oropouche_virus	AWU66983	Oropouche virus	Simbu
AEH02929|Oropouche_virus	AEH02929	Oropouche virus	Simbu
AEH02941|Oropouche_virus	AEH02941	Oropouche virus	Simbu
AEH02921|Oropouche_virus	AEH02921	Oropouche virus	Simbu
AEH02919|Oropouche_virus	AEH02919	Oropouche virus	Simbu
AWU66991|Oropouche_virus	AWU66991	Oropouche virus	Simbu
AWU66975|Oropouche_virus	AWU66975	Oropouche virus	Simbu
AEH02945|Oropouche_virus	AEH02945	Oropouche virus	Simbu
AEH02943|Oropouche_virus	AEH02943	Oropouche virus	Simbu
AWU66987|Oropouche_virus	AWU66987	Oropouche virus	Simbu
AEH02975|Oropouche_virus	AEH02975	Oropouche virus	Simbu
AWU66959|Oropouche_virus	AWU66959	Oropouche virus	Simbu
AAX98162|Oropouche_virus	AAX98162	Oropouche virus	Simbu
AAX98160|Oropouche_virus	AAX98160	Oropouche virus	Simbu
AWU66955|Oropouche_virus	AWU66955	Oropouche virus	Simbu
AAX98166|Oropouche_virus	AAX98166	Oropouche virus	Simbu
AWU66963|Oropouche_virus	AWU66963	Oropouche virus	Simbu
AAX98164|Oropouche_virus	AAX98164	Oropouche virus	Simbu
AEH02973|Oropouche_virus	AEH02973	Oropouche virus	Simbu
AEH03001|Oropouche_virus	AEH03001	Oropouche virus	Simbu
AEH02987|Oropouche_virus	AEH02987	Oropouche virus	Simbu
AEH02907|Oropouche_virus	AEH02907	Oropouche virus	Simbu
AWU67023|Oropouche_virus	AWU67023	Oropouche virus	Simbu
AEH02989|Oropouche_virus	AEH02989	Oropouche virus	Simbu
AEH02983|Oropouche_virus	AEH02983	Oropouche virus	Simbu
AEH02903|Oropouche_virus	AEH02903	Oropouche virus	Simbu
AEH02995|Oropouche_virus	AEH02995	Oropouche virus	Simbu
AEH76129|Oropouche_virus	AEH76129	Oropouche virus	Simbu
AEH02997|Oropouche_virus	AEH02997	Oropouche virus	Simbu
AEH02981|Oropouche_virus	AEH02981	Oropouche virus	Simbu
AEH02985|Oropouche_virus	AEH02985	Oropouche virus	Simbu
ABO48519|Oropouche_virus	ABO48519	Oropouche virus	Simbu
AEH02979|Oropouche_virus	AEH02979	Oropouche virus	Simbu
AEH02991|Oropouche_virus	AEH02991	Oropouche virus	Simbu
AEH02977|Oropouche_virus	AEH02977	Oropouche virus	Simbu
AWU66951|Oropouche_virus	AWU66951	Oropouche virus	Simbu
AEH02937|Oropouche_virus	AEH02937	Oropouche virus	Simbu
AWU66967|Oropouche_virus	AWU66967	Oropouche virus	Simbu
AEH02913|Oropouche_virus	AEH02913	Oropouche virus	Simbu
AWU66971|Oropouche_virus	AWU66971	Oropouche virus	Simbu
AWU67043|Oropouche_virus	AWU67043	Oropouche virus	Simbu
AEH02935|Oropouche_virus	AEH02935	Oropouche virus	Simbu
AEH02905|Oropouche_virus	AEH02905	Oropouche virus	Simbu
AWU66995|Oropouche_virus	AWU66995	Oropouche virus	Simbu
AEH02993|Oropouche_virus	AEH02993	Oropouche virus	Simbu
AEH02999|Oropouche_virus	AEH02999	Oropouche virus	Simbu
AEH02949|Oropouche_virus	AEH02949	Oropouche virus	Simbu
AAM64224|Oropouche_virus	AAM64224	Oropouche virus	Simbu
AWU66931|Oropouche_virus	AWU66931	Oropouche virus	Simbu
AEH02927|Oropouche_virus	AEH02927	Oropouche virus	Simbu
AWU66919|Oropouche_virus	AWU66919	Oropouche virus	Simbu
AWU67039|Oropouche_virus	AWU67039	Oropouche virus	Simbu
AEH02931|Oropouche_virus	AEH02931	Oropouche virus	Simbu
AWU66906|Oropouche_virus	AWU66906	Oropouche virus	Simbu
AEH02933|Oropouche_virus	AEH02933	Oropouche virus	Simbu
AWU67015|Oropouche_virus	AWU67015	Oropouche virus	Simbu
ABO48515|Oropouche_virus	ABO48515	Oropouche virus	Simbu
ABO48513|Oropouche_virus	ABO48513	Oropouche virus	Simbu
AWU67011|Oropouche_virus	AWU67011	Oropouche virus	Simbu
AWU66947|Oropouche_virus	AWU66947	Oropouche virus	Simbu
AEH76033|Oropouche_virus	AEH76033	Oropouche virus	Simbu
AEH76032|Oropouche_virus	AEH76032	Oropouche virus	Simbu
AEH76031|Oropouche_virus	AEH76031	Oropouche virus	Simbu
AWU66939|Oropouche_virus	AWU66939	Oropouche virus	Simbu
AWU66943|Oropouche_virus	AWU66943	Oropouche virus	Simbu
ALB07185|Oropouche_virus	ALB07185	Oropouche virus	Simbu
ATJ00125|Oropouche_virus	ATJ00125	Oropouche virus	Simbu
QCY50870|Oropouche_orthobunyavirus	QCY50870	Oropouche orthobunyavirus	Simbu
UYI36400|Oropouche_orthobunyavirus	UYI36400	Oropouche orthobunyavirus	Simbu
QFI57480|Oropouche_virus	QFI57480	Oropouche virus	Simbu
AJT39459|Perdoes_virus	AJT39459	Perdoes virus	Simbu
ALB07191|Oropouche_virus	ALB07191	Oropouche virus	Simbu
AHY22351|Madre_de_Dios_virus	AHY22351	Madre de Dios virus	Simbu
AHY22350|Iquitos_virus	AHY22350	Iquitos virus	Simbu
AJT39487|Oropouche_virus	AJT39487	Oropouche virus	Simbu
QFI57486|Oropouche_virus	QFI57486	Oropouche virus	Simbu
AGH07924|Oropouche_virus	AGH07924	Oropouche virus	Simbu
AJT39467|Oropouche_virus	AJT39467	Oropouche virus	Simbu
ALB07183|Oropouche_virus	ALB07183	Oropouche virus	Simbu
AJR29361|Oropouche_virus	AJR29361	Oropouche virus	Simbu
AIK67304|Iquitos_virus	AIK67304	Iquitos virus	Simbu
AIK67308|Madre_de_Dios_virus	AIK67308	Madre de Dios virus	Simbu
ALB07175|Oropouche_virus	ALB07175	Oropouche virus	Simbu
AWU66935|Oropouche_virus	AWU66935	Oropouche virus	Simbu
UYI36403|Oropouche_orthobunyavirus	UYI36403	Oropouche orthobunyavirus	Simbu
ALB07187|Oropouche_virus	ALB07187	Oropouche virus	Simbu
QIM41038|Oropouche_virus	QIM41038	Oropouche virus	Simbu
AJT39455|Oropouche_virus	AJT39455	Oropouche virus	Simbu
QFI57482|Oropouche_virus	QFI57482	Oropouche virus	Simbu
QFI57478|Oropouche_virus	QFI57478	Oropouche virus	Simbu
UGL84922|Oropouche_orthobunyavirus	UGL84922	Oropouche orthobunyavirus	Simbu
ALB07173|Oropouche_virus	ALB07173	Oropouche virus	Simbu
AGH07926|Oropouche_virus	AGH07926	Oropouche virus	Simbu
AJE24680|Oropouche_virus	AJE24680	Oropouche virus	Simbu
AJT39463|Perdoes_virus	AJT39463	Perdoes virus	Simbu
AJT39491|Oropouche_virus	AJT39491	Oropouche virus	Simbu
AJT39471|Oropouche_virus	AJT39471	Oropouche virus	Simbu
AJT39475|Oropouche_virus	AJT39475	Oropouche virus	Simbu
QFI57484|Oropouche_virus	QFI57484	Oropouche virus	Simbu
AAP69950|Oropouche_virus	AAP69950	Oropouche virus	Simbu
AJT39479|Oropouche_virus	AJT39479	Oropouche virus	Simbu
ALB07189|Oropouche_virus	ALB07189	Oropouche virus	Simbu
AGH07928|Oropouche_virus	AGH07928	Oropouche virus	Simbu
AEH76030|Oropouche_virus	AEH76030	Oropouche virus	Simbu
UYI36406|Oropouche_orthobunyavirus	UYI36406	Oropouche orthobunyavirus	Simbu
AJT39483|Oropouche_virus	AJT39483	Oropouche virus	Simbu
ALB07177|Oropouche_virus	ALB07177	Oropouche virus	Simbu
ASZ70167|Oropouche_virus	ASZ70167	Oropouche virus	Simbu
QWT43267|Oropouche_virus	QWT43267	Oropouche virus	Simbu
ALB07193|Oropouche_virus	ALB07193	Oropouche virus	Simbu
ALB07179|Oropouche_virus	ALB07179	Oropouche virus	Simbu
ALB07181|Oropouche_virus	ALB07181	Oropouche virus	Simbu
AFI24666|Jatobal_virus	AFI24666	Jatobal virus	Simbu
AHY22355|Utive_virus	AHY22355	Utive virus	Simbu
AHY22354|Utinga_virus	AHY22354	Utinga virus	Simbu
AAL78247|Facey_s_Paddock_virus	AAL78247	Faceys Paddock virus	Simbu
AHY22348|Facey_s_Paddock_virus	AHY22348	Faceys Paddock virus	Simbu
ATI21269|Mermet_virus	ATI21269	Mermet virus	Simbu
AHY22353|Mermet_virus	AHY22353	Mermet virus	Simbu
AAL78245|Mermet_virus	AAL78245	Mermet virus	Simbu
AHY22352|Manzanilla_virus	AHY22352	Manzanilla virus	Simbu
QCR98106|Manzanilla_orthobunyavirus	QCR98106	Manzanilla orthobunyavirus	Simbu
AHY22349|Ingwavuma_virus	AHY22349	Ingwavuma virus	Simbu
AAL78237|Ingwavuma_virus	AAL78237	Ingwavuma virus	Simbu
AXQ05043|Balagodu_virus	AXQ05043	Balagodu virus	Simbu
QEV83987|Oya_virus	QEV83987	Oya virus	Ungrouped
AFI24665|Cat_Que_virus	AFI24665	Cat Que virus	Simbu
WBP50003|Cat_Que_virus	WBP50003	Cat Que virus	Simbu
QGA30430|Oya_virus	QGA30430	Oya virus	Ungrouped
AKO22297|Manzanilla_virus	AKO22297	Manzanilla virus	Simbu
AXP32044|Oya_virus	AXP32044	Oya virus	Ungrouped
ARF07017|Oya_virus	ARF07017	Oya virus	Ungrouped
QGA30431|Oya_virus	QGA30431	Oya virus	Ungrouped
AGS56981|Oya_virus	AGS56981	Oya virus	Ungrouped
QFZ79359|Oya_virus	QFZ79359	Oya virus	Ungrouped
AXQ05040|Cat_Que_virus	AXQ05040	Cat Que virus	Simbu
AFD04629|Ingwavuma_virus	AFD04629	Ingwavuma virus	Simbu
AFD04630|Ingwavuma_virus	AFD04630	Ingwavuma virus	Simbu
AXP32012|Buttonwillow_virus	AXP32012	Buttonwillow virus	Simbu
AHY22356|Buttonwillow_virus	AHY22356	Buttonwillow virus	Simbu
AAL78243|Buttonwillow_virus	AAL78243	Buttonwillow virus	Simbu
AXP32072|Thimiri_orthobunyavirus	AXP32072	Thimiri orthobunyavirus	Simbu
AEA02984|Leanyer_virus	AEA02984	Leanyer virus	Ungrouped
AXP32060|Sedlec_virus	AXP32060	Sedlec virus	Simbu
AGX00986|Salt_ash_virus	AGX00986	Salt ash virus	Mapputta
APF29565|Gan_Gan_virus	APF29565	Gan Gan virus	Mapputta
ALQ43838|Gan_Gan_virus	ALQ43838	Gan Gan virus	Mapputta
APC23086|Gan_Gan_virus	APC23086	Gan Gan virus	Mapputta
AJD77605|Maprik_virus	AJD77605	Maprik virus	Mapputta
AJD77608|Buffalo_Creek_virus	AJD77608	Buffalo Creek virus	Mapputta
AGX00983|Murrumbidgee_virus	AGX00983	Murrumbidgee virus	Mapputta
AJD77602|Mapputta_virus	AJD77602	Mapputta virus	Mapputta
AKO90202|Mapputta_virus	AKO90202	Mapputta virus	Mapputta
ANW09525|Chatanga_virus	ANW09525	Chatanga virus	California
ACA53369|Chatanga_virus	ACA53369	Chatanga virus	California
ANW09506|Chatanga_virus	ANW09506	Chatanga virus	California
ACA66210|Chatanga_virus	ACA66210	Chatanga virus	California
ACA66212|Chatanga_virus	ACA66212	Chatanga virus	California
ACA53367|Chatanga_virus	ACA53367	Chatanga virus	California
ACA66206|Chatanga_virus	ACA66206	Chatanga virus	California
ANW09509|Chatanga_virus	ANW09509	Chatanga virus	California
ACA66218|Chatanga_virus	ACA66218	Chatanga virus	California
ACA50054|Chatanga_virus	ACA50054	Chatanga virus	California
ACA66216|Chatanga_virus	ACA66216	Chatanga virus	California
ACA50052|Chatanga_virus	ACA50052	Chatanga virus	California
ACA66214|Chatanga_virus	ACA66214	Chatanga virus	California
ACA66208|Chatanga_virus	ACA66208	Chatanga virus	California
AEK05541|Chatanga_virus	AEK05541	Chatanga virus	California
ACA66220|Chatanga_virus	ACA66220	Chatanga virus	California
ACA53365|Chatanga_virus	ACA53365	Chatanga virus	California
ANW09515|Chatanga_virus	ANW09515	Chatanga virus	California
AEK05545|Chatanga_virus	AEK05545	Chatanga virus	California
ACA50046|Chatanga_virus	ACA50046	Chatanga virus	California
ACA50036|Chatanga_virus	ACA50036	Chatanga virus	California
ACO89142|Chatanga_virus	ACO89142	Chatanga virus	California
ACQ91201|Chatanga_virus	ACQ91201	Chatanga virus	California
ACQ91197|Chatanga_virus	ACQ91197	Chatanga virus	California
ACQ91199|Chatanga_virus	ACQ91199	Chatanga virus	California
ACQ91193|Chatanga_virus	ACQ91193	Chatanga virus	California
ACO57369|Chatanga_virus	ACO57369	Chatanga virus	California
ACA50034|Chatanga_virus	ACA50034	Chatanga virus	California
ACQ91195|Chatanga_virus	ACQ91195	Chatanga virus	California
ACR20680|Chatanga_virus	ACR20680	Chatanga virus	California
ANW09521|Chatanga_virus	ANW09521	Chatanga virus	California
ACT85861|Chatanga_virus	ACT85861	Chatanga virus	California
ACT85853|Chatanga_virus	ACT85853	Chatanga virus	California
ACT85865|Chatanga_virus	ACT85865	Chatanga virus	California
ACA50050|Chatanga_virus	ACA50050	Chatanga virus	California
ACT85851|Chatanga_virus	ACT85851	Chatanga virus	California
ACT85857|Chatanga_virus	ACT85857	Chatanga virus	California
ACT85863|Chatanga_virus	ACT85863	Chatanga virus	California
ACT85849|Chatanga_virus	ACT85849	Chatanga virus	California
ACT85847|Chatanga_virus	ACT85847	Chatanga virus	California
ACT85867|Chatanga_virus	ACT85867	Chatanga virus	California
ANW09518|Chatanga_virus	ANW09518	Chatanga virus	California
ANW09524|Chatanga_virus	ANW09524	Chatanga virus	California
AEK05543|Chatanga_virus	AEK05543	Chatanga virus	California
ACT85859|Chatanga_virus	ACT85859	Chatanga virus	California
ACT85855|Chatanga_virus	ACT85855	Chatanga virus	California
ACT85845|Chatanga_virus	ACT85845	Chatanga virus	California
ACA50048|Chatanga_virus	ACA50048	Chatanga virus	California
ACA50038|Chatanga_virus	ACA50038	Chatanga virus	California
ACA50042|Chatanga_virus	ACA50042	Chatanga virus	California
ACA50040|Chatanga_virus	ACA50040	Chatanga virus	California
ACA50044|Chatanga_virus	ACA50044	Chatanga virus	California
ANW09512|Chatanga_virus	ANW09512	Chatanga virus	California
AKP04429|La_Crosse_virus	AKP04429	La Crosse virus	California
ABB05229|La_Crosse_virus	ABB05229	La Crosse virus	California
QPB13328|La_Crosse_virus	QPB13328	La Crosse virus	California
ABQ12628|La_Crosse_virus	ABQ12628	La Crosse virus	California
ADH04723|La_Crosse_virus	ADH04723	La Crosse virus	California
AAA42779|La_Crosse_virus	AAA42779	La Crosse virus	California
QPB13336|La_Crosse_virus	QPB13336	La Crosse virus	California
ADH04711|La_Crosse_virus	ADH04711	La Crosse virus	California
ADH04715|La_Crosse_virus	ADH04715	La Crosse virus	California
QPB13326|La_Crosse_virus	QPB13326	La Crosse virus	California
QPB13324|La_Crosse_virus	QPB13324	La Crosse virus	California
ADH04729|La_Crosse_virus	ADH04729	La Crosse virus	California
ADH04733|La_Crosse_virus	ADH04733	La Crosse virus	California
QPB13322|La_Crosse_virus	QPB13322	La Crosse virus	California
ABQ12636|La_Crosse_virus	ABQ12636	La Crosse virus	California
AAA42782|La_Crosse_virus	AAA42782	La Crosse virus	California
ADH04709|La_Crosse_virus	ADH04709	La Crosse virus	California
ADH04717|La_Crosse_virus	ADH04717	La Crosse virus	California
QPB13334|La_Crosse_virus	QPB13334	La Crosse virus	California
ADH04707|La_Crosse_virus	ADH04707	La Crosse virus	California
ADH04727|La_Crosse_virus	ADH04727	La Crosse virus	California
ADH04731|La_Crosse_virus	ADH04731	La Crosse virus	California
QPB13332|La_Crosse_virus	QPB13332	La Crosse virus	California
QPB13330|La_Crosse_virus	QPB13330	La Crosse virus	California
ADH04713|La_Crosse_virus	ADH04713	La Crosse virus	California
QPB13338|La_Crosse_virus	QPB13338	La Crosse virus	California
ADH04719|La_Crosse_virus	ADH04719	La Crosse virus	California
WBW48513|La_Crosse_virus	WBW48513	La Crosse virus	California
AAM94389|La_Crosse_virus	AAM94389	La Crosse virus	California
ABQ12632|La_Crosse_virus	ABQ12632	La Crosse virus	California
Q8JPR0|La_Crosse_virus_L78	Q8JPR0	La Crosse virus L78	California
AKP04433|La_Crosse_virus	AKP04433	La Crosse virus	California
AKP04430|La_Crosse_virus	AKP04430	La Crosse virus	California
AKP04431|La_Crosse_virus	AKP04431	La Crosse virus	California
ADH04725|La_Crosse_virus	ADH04725	La Crosse virus	California
ADH04721|La_Crosse_virus	ADH04721	La Crosse virus	California
ADG01819|La_Crosse_virus	ADG01819	La Crosse virus	California
ADG01817|La_Crosse_virus	ADG01817	La Crosse virus	California
ABX89407|Snowshoe_hare_virus	ABX89407	Snowshoe hare virus	California
AIL54636|Snowshoe_hare_virus	AIL54636	Snowshoe hare virus	California
AIL54638|Snowshoe_hare_virus	AIL54638	Snowshoe hare virus	California
QCF29639|Snowshoe_hare_virus	QCF29639	Snowshoe hare virus	California
ADQ08669|Tahyna_virus	ADQ08669	Tahyna virus	California
ADC53404|Tahyna_virus	ADC53404	Tahyna virus	California
ADC53420|Tahyna_virus	ADC53420	Tahyna virus	California
UEE94597|Tahyna_orthobunyavirus	UEE94597	Tahyna orthobunyavirus	California
ADC53426|Tahyna_virus	ADC53426	Tahyna virus	California
ADC53406|Tahyna_virus	ADC53406	Tahyna virus	California
ADC53436|Tahyna_virus	ADC53436	Tahyna virus	California
UEE94595|Tahyna_orthobunyavirus	UEE94595	Tahyna orthobunyavirus	California
ADC53410|Tahyna_virus	ADC53410	Tahyna virus	California
ADC53428|Tahyna_virus	ADC53428	Tahyna virus	California
ADC53432|Tahyna_virus	ADC53432	Tahyna virus	California
ADC53438|Tahyna_virus	ADC53438	Tahyna virus	California
ADC53402|Tahyna_virus	ADC53402	Tahyna virus	California
ADC53416|Tahyna_virus	ADC53416	Tahyna virus	California
ADC53424|Tahyna_virus	ADC53424	Tahyna virus	California
ADC53434|Tahyna_virus	ADC53434	Tahyna virus	California
ADC53412|Tahyna_virus	ADC53412	Tahyna virus	California
ADC53422|Tahyna_virus	ADC53422	Tahyna virus	California
ADC53440|Tahyna_virus	ADC53440	Tahyna virus	California
AAC55340|Tahyna_virus	AAC55340	Tahyna virus	California
ADC53408|Tahyna_virus	ADC53408	Tahyna virus	California
ADC53430|Tahyna_virus	ADC53430	Tahyna virus	California
UWW10804|Tahyna_virus	UWW10804	Tahyna virus	California
ADC53418|Tahyna_virus	ADC53418	Tahyna virus	California
ADC53414|Tahyna_virus	ADC53414	Tahyna virus	California
ADQ08667|Tahyna_virus	ADQ08667	Tahyna virus	California
CAA92805|Tahyna_virus	CAA92805	Tahyna virus	California
ADQ08665|Tahyna_virus	ADQ08665	Tahyna virus	California
AEN71827|Tahyna_virus	AEN71827	Tahyna virus	California
AEN71828|Tahyna_virus	AEN71828	Tahyna virus	California
ADQ08663|Tahyna_virus	ADQ08663	Tahyna virus	California
AEH02874|Tahyna_virus	AEH02874	Tahyna virus	California
ACF32417|Tahyna_virus	ACF32417	Tahyna virus	California
AEH02870|Tahyna_virus	AEH02870	Tahyna virus	California
APA28999|Lumbo_virus	APA28999	Lumbo virus	California
CAA51851|Lumbo_virus	CAA51851	Lumbo virus	California
APA28991|San_Angelo_virus	APA28991	San Angelo virus	California
AAC55334|San_Angelo_virus	AAC55334	San Angelo virus	California
2107291J|California_encephalitis_virus	2107291J	California encephalitis virus	California
AAC54045|California_encephalitis_virus_-_BFS-283	AAC54045	California encephalitis virus - BFS-283	California
AAC54051|California_encephalitis_virus	AAC54051	California encephalitis virus	California
2107291C|California_encephalitis_virus	2107291C	California encephalitis virus	California
APA29015|California_encephalitis_virus	APA29015	California encephalitis virus	California
AAC55124|Morro_Bay_virus	AAC55124	Morro Bay virus	California
QLI33840|Keystone_virus	QLI33840	Keystone virus	California
QYJ10024|Keystone_virus	QYJ10024	Keystone virus	California
QYJ10027|Keystone_virus	QYJ10027	Keystone virus	California
QYJ10028|Keystone_virus	QYJ10028	Keystone virus	California
AXY55020|Keystone_virus	AXY55020	Keystone virus	California
QYJ10022|Keystone_virus	QYJ10022	Keystone virus	California
AXY55027|Keystone_virus	AXY55027	Keystone virus	California
AWK60689|Keystone_virus	AWK60689	Keystone virus	California
AAC54053|Keystone_virus	AAC54053	Keystone virus	California
APA29003|Keystone_virus	APA29003	Keystone virus	California
2107291L|Keystone_virus	2107291L	Keystone virus	California
ALD52504|Keystone_virus	ALD52504	Keystone virus	California
ALD52508|Keystone_virus	ALD52508	Keystone virus	California
QIM41042|Melao_virus	QIM41042	Melao virus	California
QIM58246|Melao_virus	QIM58246	Melao virus	California
QIM58244|Melao_virus	QIM58244	Melao virus	California
QIM58248|Melao_virus	QIM58248	Melao virus	California
APA28995|Melao_virus	APA28995	Melao virus	California
AAB60559|Melao_virus	AAB60559	Melao virus	California
2107291N|Melao_virus	2107291N	Melao virus	California
ADK36678|Jamestown_Canyon_virus	ADK36678	Jamestown Canyon virus	California
AIL54600|Jamestown_Canyon_virus	AIL54600	Jamestown Canyon virus	California
AIL54576|Jamestown_Canyon_virus	AIL54576	Jamestown Canyon virus	California
AIL54582|Jamestown_Canyon_virus	AIL54582	Jamestown Canyon virus	California
AIL54574|Jamestown_Canyon_virus	AIL54574	Jamestown Canyon virus	California
ABS29212|Jamestown_Canyon_virus	ABS29212	Jamestown Canyon virus	California
ABS29192|Jamestown_Canyon_virus	ABS29192	Jamestown Canyon virus	California
ABS29206|Jamestown_Canyon_virus	ABS29206	Jamestown Canyon virus	California
AIL54558|Jamestown_Canyon_virus	AIL54558	Jamestown Canyon virus	California
AIL54560|Jamestown_Canyon_virus	AIL54560	Jamestown Canyon virus	California
AIL54588|Jamestown_Canyon_virus	AIL54588	Jamestown Canyon virus	California
AIL54606|Jamestown_Canyon_virus	AIL54606	Jamestown Canyon virus	California
AIL54618|Jamestown_Canyon_virus	AIL54618	Jamestown Canyon virus	California
ABS29226|Jamestown_Canyon_virus	ABS29226	Jamestown Canyon virus	California
AIL54550|Jamestown_Canyon_virus	AIL54550	Jamestown Canyon virus	California
AIL54608|Jamestown_Canyon_virus	AIL54608	Jamestown Canyon virus	California
ABS29218|Jamestown_Canyon_virus	ABS29218	Jamestown Canyon virus	California
AIL54614|Jamestown_Canyon_virus	AIL54614	Jamestown Canyon virus	California
AIL54634|Jamestown_Canyon_virus	AIL54634	Jamestown Canyon virus	California
AIL54568|Jamestown_Canyon_virus	AIL54568	Jamestown Canyon virus	California
ABS29234|Jamestown_Canyon_virus	ABS29234	Jamestown Canyon virus	California
ABS29246|Jamestown_Canyon_virus	ABS29246	Jamestown Canyon virus	California
ABS29214|Jamestown_Canyon_virus	ABS29214	Jamestown Canyon virus	California
ABS29182|Jamestown_Canyon_virus	ABS29182	Jamestown Canyon virus	California
AIL54610|Jamestown_Canyon_virus	AIL54610	Jamestown Canyon virus	California
ABS29204|Jamestown_Canyon_virus	ABS29204	Jamestown Canyon virus	California
AIL54554|Jamestown_Canyon_virus	AIL54554	Jamestown Canyon virus	California
AIL54564|Jamestown_Canyon_virus	AIL54564	Jamestown Canyon virus	California
AIL54602|Jamestown_Canyon_virus	AIL54602	Jamestown Canyon virus	California
ABS29224|Jamestown_Canyon_virus	ABS29224	Jamestown Canyon virus	California
ABS29154|Jamestown_Canyon_virus	ABS29154	Jamestown Canyon virus	California
ABS29156|Jamestown_Canyon_virus	ABS29156	Jamestown Canyon virus	California
AIL54592|Jamestown_Canyon_virus	AIL54592	Jamestown Canyon virus	California
ABS29254|Jamestown_Canyon_virus	ABS29254	Jamestown Canyon virus	California
AIL54594|Jamestown_Canyon_virus	AIL54594	Jamestown Canyon virus	California
AIL54566|Jamestown_Canyon_virus	AIL54566	Jamestown Canyon virus	California
AIL54578|Jamestown_Canyon_virus	AIL54578	Jamestown Canyon virus	California
ABS29258|Jamestown_Canyon_virus	ABS29258	Jamestown Canyon virus	California
ABS29220|Jamestown_Canyon_virus	ABS29220	Jamestown Canyon virus	California
AIL54552|Jamestown_Canyon_virus	AIL54552	Jamestown Canyon virus	California
AIL54628|Jamestown_Canyon_virus	AIL54628	Jamestown Canyon virus	California
ABS29228|Jamestown_Canyon_virus	ABS29228	Jamestown Canyon virus	California
AIL54570|Jamestown_Canyon_virus	AIL54570	Jamestown Canyon virus	California
AIL54590|Jamestown_Canyon_virus	AIL54590	Jamestown Canyon virus	California
AIL54596|Jamestown_Canyon_virus	AIL54596	Jamestown Canyon virus	California
ABS29184|Jamestown_Canyon_virus	ABS29184	Jamestown Canyon virus	California
AIL54556|Jamestown_Canyon_virus	AIL54556	Jamestown Canyon virus	California
ABS29236|Jamestown_Canyon_virus	ABS29236	Jamestown Canyon virus	California
ABS29240|Jamestown_Canyon_virus	ABS29240	Jamestown Canyon virus	California
AIL54598|Jamestown_Canyon_virus	AIL54598	Jamestown Canyon virus	California
ABS29230|Jamestown_Canyon_virus	ABS29230	Jamestown Canyon virus	California
AIL54572|Jamestown_Canyon_virus	AIL54572	Jamestown Canyon virus	California
ABS29188|Jamestown_Canyon_virus	ABS29188	Jamestown Canyon virus	California
AIL54622|Jamestown_Canyon_virus	AIL54622	Jamestown Canyon virus	California
ABS29262|Jamestown_Canyon_virus	ABS29262	Jamestown Canyon virus	California
ABS29248|Jamestown_Canyon_virus	ABS29248	Jamestown Canyon virus	California
ABS29180|Jamestown_Canyon_virus	ABS29180	Jamestown Canyon virus	California
AIL54548|Jamestown_Canyon_virus	AIL54548	Jamestown Canyon virus	California
AIL54586|Jamestown_Canyon_virus	AIL54586	Jamestown Canyon virus	California
ABS29166|Jamestown_Canyon_virus	ABS29166	Jamestown Canyon virus	California
ABS29178|Jamestown_Canyon_virus	ABS29178	Jamestown Canyon virus	California
ABS29202|Jamestown_Canyon_virus	ABS29202	Jamestown Canyon virus	California
AIL54612|Jamestown_Canyon_virus	AIL54612	Jamestown Canyon virus	California
AIL54624|Jamestown_Canyon_virus	AIL54624	Jamestown Canyon virus	California
AIL54580|Jamestown_Canyon_virus	AIL54580	Jamestown Canyon virus	California
AIL54584|Jamestown_Canyon_virus	AIL54584	Jamestown Canyon virus	California
ABS29210|Jamestown_Canyon_virus	ABS29210	Jamestown Canyon virus	California
ABS29244|Jamestown_Canyon_virus	ABS29244	Jamestown Canyon virus	California
ABS29160|Jamestown_Canyon_virus	ABS29160	Jamestown Canyon virus	California
ABS29222|Jamestown_Canyon_virus	ABS29222	Jamestown Canyon virus	California
AIL54604|Jamestown_Canyon_virus	AIL54604	Jamestown Canyon virus	California
AIL54626|Jamestown_Canyon_virus	AIL54626	Jamestown Canyon virus	California
ABS29242|Jamestown_Canyon_virus	ABS29242	Jamestown Canyon virus	California
AXZ96244|Jamestown_Canyon_virus	AXZ96244	Jamestown Canyon virus	California
ABS29152|Jamestown_Canyon_virus	ABS29152	Jamestown Canyon virus	California
QRX38883|Jamestown_Canyon_virus	QRX38883	Jamestown Canyon virus	California
QRX38881|Jamestown_Canyon_virus	QRX38881	Jamestown Canyon virus	California
QRX38882|Jamestown_Canyon_virus	QRX38882	Jamestown Canyon virus	California
QRX38879|Jamestown_Canyon_virus	QRX38879	Jamestown Canyon virus	California
AIL54620|Jamestown_Canyon_virus	AIL54620	Jamestown Canyon virus	California
AIL54616|Jamestown_Canyon_virus	AIL54616	Jamestown Canyon virus	California
ADK36675|Jamestown_Canyon_virus	ADK36675	Jamestown Canyon virus	California
AAC54043|Jamestown_Canyon_virus	AAC54043	Jamestown Canyon virus	California
2107291G|Jamestown_Canyon_virus	2107291G	Jamestown Canyon virus	California
APA29011|Jamestown_Canyon_virus	APA29011	Jamestown Canyon virus	California
2107291A|Jamestown_Canyon_virus	2107291A	Jamestown Canyon virus	California
AAC54049|Jamestown_Canyon_virus	AAC54049	Jamestown Canyon virus	California
QCF29633|Jamestown_Canyon_virus	QCF29633	Jamestown Canyon virus	California
APA29007|Jerry_Slough_virus	APA29007	Jerry Slough virus	California
AIL54630|Jamestown_Canyon_virus	AIL54630	Jamestown Canyon virus	California
AAC54047|Jerry_Slough_virus	AAC54047	Jerry Slough virus	California
2107291E|Jerry_Slough_virus	2107291E	Jerry Slough virus	California
AIL54562|Jamestown_Canyon_virus	AIL54562	Jamestown Canyon virus	California
AIL54632|Jamestown_Canyon_virus	AIL54632	Jamestown Canyon virus	California
ADK36677|Jamestown_Canyon_virus	ADK36677	Jamestown Canyon virus	California
ABS29194|Jamestown_Canyon_virus	ABS29194	Jamestown Canyon virus	California
ABS29162|Jamestown_Canyon_virus	ABS29162	Jamestown Canyon virus	California
ABS29172|Jamestown_Canyon_virus	ABS29172	Jamestown Canyon virus	California
ABS29232|Jamestown_Canyon_virus	ABS29232	Jamestown Canyon virus	California
ABS29252|Jamestown_Canyon_virus	ABS29252	Jamestown Canyon virus	California
ABS29256|Jamestown_Canyon_virus	ABS29256	Jamestown Canyon virus	California
ABS29196|Jamestown_Canyon_virus	ABS29196	Jamestown Canyon virus	California
ABS29170|Jamestown_Canyon_virus	ABS29170	Jamestown Canyon virus	California
ABS29174|Jamestown_Canyon_virus	ABS29174	Jamestown Canyon virus	California
ABS29250|Jamestown_Canyon_virus	ABS29250	Jamestown Canyon virus	California
ABS29168|Jamestown_Canyon_virus	ABS29168	Jamestown Canyon virus	California
ABS29158|Jamestown_Canyon_virus	ABS29158	Jamestown Canyon virus	California
ABS29238|Jamestown_Canyon_virus	ABS29238	Jamestown Canyon virus	California
ABS29216|Jamestown_Canyon_virus	ABS29216	Jamestown Canyon virus	California
ABS29208|Jamestown_Canyon_virus	ABS29208	Jamestown Canyon virus	California
ABS29164|Jamestown_Canyon_virus	ABS29164	Jamestown Canyon virus	California
ABS29190|Jamestown_Canyon_virus	ABS29190	Jamestown Canyon virus	California
ABS29186|Jamestown_Canyon_virus	ABS29186	Jamestown Canyon virus	California
ABS29260|Jamestown_Canyon_virus	ABS29260	Jamestown Canyon virus	California
AXZ96240|Jamestown_Canyon_virus	AXZ96240	Jamestown Canyon virus	California
QEI47188|Jamestown_Canyon_virus	QEI47188	Jamestown Canyon virus	California
ABS29176|Jamestown_Canyon_virus	ABS29176	Jamestown Canyon virus	California
ABS29198|Jamestown_Canyon_virus	ABS29198	Jamestown Canyon virus	California
ABS29200|Jamestown_Canyon_virus	ABS29200	Jamestown Canyon virus	California
AMB26904|Inkoo_virus	AMB26904	Inkoo virus	California
ANW09500|Inkoo_virus	ANW09500	Inkoo virus	California
ANW09491|Inkoo_virus	ANW09491	Inkoo virus	California
ANW09494|Inkoo_virus	ANW09494	Inkoo virus	California
ANW09497|Inkoo_virus	ANW09497	Inkoo virus	California
CAA92803|Inkoo_virus	CAA92803	Inkoo virus	California
ANW09492|Inkoo_virus	ANW09492	Inkoo virus	California
ANW09503|Inkoo_virus	ANW09503	Inkoo virus	California
AOS59865|Inkoo_virus	AOS59865	Inkoo virus	California
ANW09488|Inkoo_virus	ANW09488	Inkoo virus	California
AAC55330|Inkoo_virus	AAC55330	Inkoo virus	California
AAC55332|Inkoo_virus	AAC55332	Inkoo virus	California
ADG62309|South_River_virus	ADG62309	South River virus	California
APA28983|South_River_virus	APA28983	South River virus	California
AAC55338|South_River_virus	AAC55338	South River virus	California
APA28987|Serra_do_Navio_virus	APA28987	Serra do Navio virus	California
AAC55336|Serra_do_Navio_virus	AAC55336	Serra do Navio virus	California
APA34121|Trivittatus_virus	APA34121	Trivittatus virus	California
AAB60561|Trivittatus_virus	AAB60561	Trivittatus virus	California
AIL54642|Trivittatus_virus	AIL54642	Trivittatus virus	California
2107291Q|Trivittatus_virus	2107291Q	Trivittatus virus	California
ALI93832|Trivittatus_virus	ALI93832	Trivittatus virus	California
AIL54640|Trivittatus_virus	AIL54640	Trivittatus virus	California
ATI21266|Achiote_virus	ATI21266	Achiote virus	California
ATI21272|Infirmatus_virus	ATI21272	Infirmatus virus	California
AIN37038|Pongola_virus_-_SAAr1	AIN37038	Pongola virus - SAAr1	Bwamba
UZT55192|Pongola_virus	UZT55192	Pongola virus	Bwamba
ACE07178|Pongola_virus_-_SAAr1	ACE07178	Pongola virus - SAAr1	Bwamba
UZT55188|Pongola_virus	UZT55188	Pongola virus	Bwamba
UZT55185|Pongola_virus	UZT55185	Pongola virus	Bwamba
AIN37036|Pongola_virus_-_SAAr1	AIN37036	Pongola virus - SAAr1	Bwamba
AIN37040|Bwamba_orthobunyavirus	AIN37040	Bwamba orthobunyavirus	Bwamba
ACE07176|Bwamba_orthobunyavirus	ACE07176	Bwamba orthobunyavirus	Bwamba
AIN37042|Bwamba_orthobunyavirus	AIN37042	Bwamba orthobunyavirus	Bwamba
AQM74171|Wolkberg_virus	AQM74171	Wolkberg virus	Nyando
AQM74141|Wolkberg_virus	AQM74141	Wolkberg virus	Nyando
AQM74153|Wolkberg_virus	AQM74153	Wolkberg virus	Nyando
AQM74156|Wolkberg_virus	AQM74156	Wolkberg virus	Nyando
AQM74150|Wolkberg_virus	AQM74150	Wolkberg virus	Nyando
AQM74159|Wolkberg_virus	AQM74159	Wolkberg virus	Nyando
AQM74168|Wolkberg_virus	AQM74168	Wolkberg virus	Nyando
AQM74144|Wolkberg_virus	AQM74144	Wolkberg virus	Nyando
AQM74162|Wolkberg_virus	AQM74162	Wolkberg virus	Nyando
AYF57694|Kaeng_Khoi_virus	AYF57694	Kaeng Khoi virus	Nyando
WAU48781|Kaeng_Khoi_virus	WAU48781	Kaeng Khoi virus	Nyando
WAU48785|Kaeng_Khoi_virus	WAU48785	Kaeng Khoi virus	Nyando
ASG81434|Kaeng_Khoi_virus	ASG81434	Kaeng Khoi virus	Nyando
AIN37054|Kaeng_Khoi_virus	AIN37054	Kaeng Khoi virus	Nyando
WAU48783|Kaeng_Khoi_virus	WAU48783	Kaeng Khoi virus	Nyando
AJG39326|Wuhan_Louse_Fly_Virus_1	AJG39326	Wuhan Louse Fly Virus 1	Nyando
AIN37050|Nyando_virus	AIN37050	Nyando virus	Nyando
QSV52393|Nyando_virus	QSV52393	Nyando virus	Nyando
AIN37048|Nyando_virus	AIN37048	Nyando virus	Nyando
AIN37046|Nyando_virus	AIN37046	Nyando virus	Nyando
AIN37044|Nyando_virus	AIN37044	Nyando virus	Nyando
AIN37052|Mojui_dos_Campos_virus	AIN37052	Mojui dos Campos virus	Nyando
ACR82217|Batai_virus	ACR82217	Batai virus	Bunyamwera
BAE97683|Batai_virus	BAE97683	Batai virus	Bunyamwera
APU88427|Batai_virus	APU88427	Batai virus	Bunyamwera
ACR82213|Batai_virus	ACR82213	Batai virus	Bunyamwera
AFY52611|Batai_virus	AFY52611	Batai virus	Bunyamwera
AID57441|Batai_virus	AID57441	Batai virus	Bunyamwera
AHW40491|Batai_virus	AHW40491	Batai virus	Bunyamwera
ACR82215|Batai_virus	ACR82215	Batai virus	Bunyamwera
AFY52609|Batai_virus	AFY52609	Batai virus	Bunyamwera
CAA51843|Batai_virus	CAA51843	Batai virus	Bunyamwera
ACR82219|Batai_virus	ACR82219	Batai virus	Bunyamwera
ACR82211|Batai_virus	ACR82211	Batai virus	Bunyamwera
BAE97681|Batai_virus	BAE97681	Batai virus	Bunyamwera
AFY52613|Batai_virus	AFY52613	Batai virus	Bunyamwera
UZT55199|Batai_virus	UZT55199	Batai virus	Bunyamwera
AKM28563|Batai_virus	AKM28563	Batai virus	Bunyamwera
UEP19792|Batai_virus	UEP19792	Batai virus	Bunyamwera
AHZ64961|Calovo_virus	AHZ64961	Calovo virus	Bunyamwera
AHZ64959|Calovo_virus	AHZ64959	Calovo virus	Bunyamwera
AGM39997|Batai_virus	AGM39997	Batai virus	Bunyamwera
AGM40001|Batai_virus	AGM40001	Batai virus	Bunyamwera
AGM34035|Calovo_virus	AGM34035	Calovo virus	Bunyamwera
AHZ64963|Calovo_virus	AHZ64963	Calovo virus	Bunyamwera
AHZ64965|Calovo_virus	AHZ64965	Calovo virus	Bunyamwera
AXR75705|Batai_virus	AXR75705	Batai virus	Bunyamwera
ALN13321|Anadyr_virus	ALN13321	Anadyr virus	Bunyamwera
ALN13301|Anadyr_virus	ALN13301	Anadyr virus	Bunyamwera
ALN13297|Anadyr_virus	ALN13297	Anadyr virus	Bunyamwera
ALN13293|Anadyr_virus	ALN13293	Anadyr virus	Bunyamwera
ALN13305|Anadyr_virus	ALN13305	Anadyr virus	Bunyamwera
ALN13265|Anadyr_virus	ALN13265	Anadyr virus	Bunyamwera
ALN13273|Anadyr_virus	ALN13273	Anadyr virus	Bunyamwera
ALN13313|Anadyr_virus	ALN13313	Anadyr virus	Bunyamwera
AXP31996|Anadyr_virus	AXP31996	Anadyr virus	Bunyamwera
ALN13281|Anadyr_virus	ALN13281	Anadyr virus	Bunyamwera
ALN13269|Anadyr_virus	ALN13269	Anadyr virus	Bunyamwera
ALN13309|Anadyr_virus	ALN13309	Anadyr virus	Bunyamwera
ANB45707|Anadyr_virus	ANB45707	Anadyr virus	Bunyamwera
ALN13285|Anadyr_virus	ALN13285	Anadyr virus	Bunyamwera
ALN13289|Anadyr_virus	ALN13289	Anadyr virus	Bunyamwera
ALN13277|Anadyr_virus	ALN13277	Anadyr virus	Bunyamwera
ALN13317|Anadyr_virus	ALN13317	Anadyr virus	Bunyamwera
ALN13325|Anadyr_virus	ALN13325	Anadyr virus	Bunyamwera
AAL37356|Bunyamwera_virus	AAL37356	Bunyamwera virus	Bunyamwera
APF29566|Batai_virus	APF29566	Batai virus	Bunyamwera
ARI46627|Laguna_Larga_virus	ARI46627	Laguna Larga virus	Bunyamwera
AXP32016|Fort_Sherman_virus	AXP32016	Fort Sherman virus	Bunyamwera
AKX73311|Bunyamwera_virus	AKX73311	Bunyamwera virus	Bunyamwera
AKX73303|Bunyamwera_virus	AKX73303	Bunyamwera virus	Bunyamwera
QJQ29395|Fort_Sherman_orthobunyavirus	QJQ29395	Fort Sherman orthobunyavirus	Bunyamwera
ACE07180|Fort_Sherman_virus	ACE07180	Fort Sherman virus	Bunyamwera
ARI46631|Maguari_virus	ARI46631	Maguari virus	Bunyamwera
AKX73307|Bunyamwera_virus	AKX73307	Bunyamwera virus	Bunyamwera
ARI46655|Fort_Sherman_virus	ARI46655	Fort Sherman virus	Bunyamwera
AXP32040|Northway_virus	AXP32040	Northway virus	Bunyamwera
CAA51855|Northway_virus	CAA51855	Northway virus	Bunyamwera
AXM42966|Northway_virus	AXM42966	Northway virus	Bunyamwera
AXU40904|Cache_Valley_virus	AXU40904	Cache Valley virus	Bunyamwera
ARI46647|Playas_virus	ARI46647	Playas virus	Bunyamwera
AKH40538|Cache_Valley_virus	AKH40538	Cache Valley virus	Bunyamwera
ARI46659|Cache_Valley_virus	ARI46659	Cache Valley virus	Bunyamwera
ARI46663|Cache_Valley_virus	ARI46663	Cache Valley virus	Bunyamwera
AKH40546|Cache_Valley_virus	AKH40546	Cache Valley virus	Bunyamwera
AKH40536|Cache_Valley_virus	AKH40536	Cache Valley virus	Bunyamwera
AKH40572|Playas_virus	AKH40572	Playas virus	Bunyamwera
ARI46671|Cache_Valley_virus	ARI46671	Cache Valley virus	Bunyamwera
ARI46643|Playas_virus	ARI46643	Playas virus	Bunyamwera
AKH40544|Cache_Valley_virus	AKH40544	Cache Valley virus	Bunyamwera
AKH40540|Cache_Valley_virus	AKH40540	Cache Valley virus	Bunyamwera
AKH40534|Cache_Valley_virus	AKH40534	Cache Valley virus	Bunyamwera
ARI46667|Cache_Valley_virus	ARI46667	Cache Valley virus	Bunyamwera
ARI46679|Cache_Valley_virus	ARI46679	Cache Valley virus	Bunyamwera
CAA51845|Cache_Valley_virus	CAA51845	Cache Valley virus	Bunyamwera
ARI46683|Cache_Valley_virus	ARI46683	Cache Valley virus	Bunyamwera
AKH40562|Cache_Valley_virus	AKH40562	Cache Valley virus	Bunyamwera
AKH40548|Cache_Valley_virus	AKH40548	Cache Valley virus	Bunyamwera
AKH40570|Cache_Valley_virus	AKH40570	Cache Valley virus	Bunyamwera
AKH40566|Cache_Valley_virus	AKH40566	Cache Valley virus	Bunyamwera
AKH40564|Cache_Valley_virus	AKH40564	Cache Valley virus	Bunyamwera
AKH40550|Cache_Valley_virus	AKH40550	Cache Valley virus	Bunyamwera
ARI46675|Cache_Valley_virus	ARI46675	Cache Valley virus	Bunyamwera
AKH40558|Cache_Valley_virus	AKH40558	Cache Valley virus	Bunyamwera
QYS16041|Cache_Valley_virus	QYS16041	Cache Valley virus	Bunyamwera
QHN12708|Cache_Valley_virus	QHN12708	Cache Valley virus	Bunyamwera
AKH40556|Cache_Valley_virus	AKH40556	Cache Valley virus	Bunyamwera
AKH40542|Cache_Valley_virus	AKH40542	Cache Valley virus	Bunyamwera
ADG62277|Cache_Valley_virus	ADG62277	Cache Valley virus	Bunyamwera
AHE74137|Cache_Valley_virus	AHE74137	Cache Valley virus	Bunyamwera
ADG62275|Cache_Valley_virus	ADG62275	Cache Valley virus	Bunyamwera
AKH40554|Cache_Valley_virus	AKH40554	Cache Valley virus	Bunyamwera
ADG62281|Cache_Valley_virus	ADG62281	Cache Valley virus	Bunyamwera
AKH40560|Cache_Valley_virus	AKH40560	Cache Valley virus	Bunyamwera
UUJ37933|Cache_Valley_virus	UUJ37933	Cache Valley virus	Bunyamwera
AKH40552|Cache_Valley_virus	AKH40552	Cache Valley virus	Bunyamwera
AKH40568|Cache_Valley_virus	AKH40568	Cache Valley virus	Bunyamwera
ADG62279|Cache_Valley_virus	ADG62279	Cache Valley virus	Bunyamwera
ADG62283|Cache_Valley_virus	ADG62283	Cache Valley virus	Bunyamwera
AHE74133|Cache_Valley_virus	AHE74133	Cache Valley virus	Bunyamwera
UYS78534|Cache_Valley_virus	UYS78534	Cache Valley virus	Bunyamwera
AHE74135|Cache_Valley_virus	AHE74135	Cache Valley virus	Bunyamwera
AGI03948|Cache_Valley_virus	AGI03948	Cache Valley virus	Bunyamwera
ARI46639|Tlacotalpan_virus	ARI46639	Tlacotalpan virus	Bunyamwera
ACJ64916|Cholul_virus	ACJ64916	Cholul virus	Bunyamwera
AXP32080|Tlacotalpan_virus	AXP32080	Tlacotalpan virus	Bunyamwera
ARI46623|Maguari_virus	ARI46623	Maguari virus	Bunyamwera
QYS16042|Cache_Valley_virus	QYS16042	Cache Valley virus	Bunyamwera
AAW62369|Potosi_virus	AAW62369	Potosi virus	Bunyamwera
AXP32052|Potosi_virus	AXP32052	Potosi virus	Bunyamwera
ATJ04184|Potosi_virus	ATJ04184	Potosi virus	Bunyamwera
ACV95624|Tensaw_virus	ACV95624	Tensaw virus	Bunyamwera
AXP32068|Tensaw_virus	AXP32068	Tensaw virus	Bunyamwera
ACV95620|Tensaw_virus	ACV95620	Tensaw virus	Bunyamwera
ATJ04179|Maguari_virus	ATJ04179	Maguari virus	Bunyamwera
ARI46635|Maguari_virus	ARI46635	Maguari virus	Bunyamwera
ARI46619|Maguari_virus	ARI46619	Maguari virus	Bunyamwera
ARI46651|Playas_virus	ARI46651	Playas virus	Bunyamwera
AAA57147|Maguari_virus	AAA57147	Maguari virus	Bunyamwera
AXP32032|Main_Drain_virus	AXP32032	Main Drain virus	Bunyamwera
CAA51853|Main_Drain_virus	CAA51853	Main Drain virus	Bunyamwera
AXN72389|Lokern_virus	AXN72389	Lokern virus	Bunyamwera
AXP32056|Santa_Rosa_virus	AXP32056	Santa Rosa virus	Bunyamwera
AXP32028|Lokern_virus	AXP32028	Lokern virus	Bunyamwera
AXP32036|Main_Drain_virus	AXP32036	Main Drain virus	Bunyamwera
AFY52615|Batai_virus	AFY52615	Batai virus	Bunyamwera
AXP32004|Bozo_virus	AXP32004	Bozo virus	Bunyamwera
CAM97975|Bunyamwera_virus	CAM97975	Bunyamwera virus	Bunyamwera
AXZ96252|Bozo_virus	AXZ96252	Bozo virus	Bunyamwera
AGU99594|Ilesha_virus	AGU99594	Ilesha virus	Bunyamwera
AGM34027|Ilesha_virus	AGM34027	Ilesha virus	Bunyamwera
AAW62367|Ilesha_virus	AAW62367	Ilesha virus	Bunyamwera
AAT01933|Mboke_virus	AAT01933	Mboke virus	Bunyamwera
QNS29910|Ilesha_virus	QNS29910	Ilesha virus	Bunyamwera
CAM98680|Ilesha_virus	CAM98680	Ilesha virus	Bunyamwera
CAM98681|Ilesha_virus	CAM98681	Ilesha virus	Bunyamwera
CAM98682|Nyando_virus	CAM98682	Nyando virus	Nyando
AGM34031|Ngari_virus	AGM34031	Ngari virus	Bunyamwera
UAM96498|Ngari_virus	UAM96498	Ngari virus	Bunyamwera
UZN01458|Ngari_virus	UZN01458	Ngari virus	Bunyamwera
UZN01459|Ngari_virus	UZN01459	Ngari virus	Bunyamwera
UFE16445|Ngari_virus	UFE16445	Ngari virus	Bunyamwera
UZN01460|Ngari_virus	UZN01460	Ngari virus	Bunyamwera
UFE16448|Ngari_virus	UFE16448	Ngari virus	Bunyamwera
UZN01461|Ngari_virus	UZN01461	Ngari virus	Bunyamwera
UAM96501|Ngari_virus	UAM96501	Ngari virus	Bunyamwera
AFY23381|Ngari_virus	AFY23381	Ngari virus	Bunyamwera
AAT01936|Ngari_virus	AAT01936	Ngari virus	Bunyamwera
AII99849|Ngari_virus	AII99849	Ngari virus	Bunyamwera
QSV52390|Bunyamwera_orthobunyavirus	QSV52390	Bunyamwera orthobunyavirus	Bunyamwera
QSV52387|Bunyamwera_orthobunyavirus	QSV52387	Bunyamwera orthobunyavirus	Bunyamwera
QSV52388|Bunyamwera_orthobunyavirus	QSV52388	Bunyamwera orthobunyavirus	Bunyamwera
QSV52389|Bunyamwera_orthobunyavirus	QSV52389	Bunyamwera orthobunyavirus	Bunyamwera
CAM97978|M_Poko_virus	CAM97978	M_Poko virus	Turlock
CAM98679|Bunyamwera_virus	CAM98679	Bunyamwera virus	Bunyamwera
AFY23389|Ngari_virus	AFY23389	Ngari virus	Bunyamwera
AXP32008|Bunyamwera_virus	AXP32008	Bunyamwera virus	Bunyamwera
BAA00261|Bunyamwera_virus	BAA00261	Bunyamwera virus	Bunyamwera
AIZ49770|Ngari_virus	AIZ49770	Ngari virus	Bunyamwera
AIZ49772|Bunyamwera_virus	AIZ49772	Bunyamwera virus	Bunyamwera
AIZ49774|Bunyamwera_virus	AIZ49774	Bunyamwera virus	Bunyamwera
AIZ49766|Ngari_virus	AIZ49766	Ngari virus	Bunyamwera
AIZ49768|Ngari_virus	AIZ49768	Ngari virus	Bunyamwera
UZT55179|Orthobunyavirus_sp.	UZT55179	Orthobunyavirus sp.	Group C
AFY23385|Ngari_virus	AFY23385	Ngari virus	Bunyamwera
AEQ54729|Bunyamwera_virus	AEQ54729	Bunyamwera virus	Bunyamwera
AFY23377|Ngari_virus	AFY23377	Ngari virus	Bunyamwera
AFY23373|Ngari_virus	AFY23373	Ngari virus	Bunyamwera
UEP19798|Bunyamwera_orthobunyavirus	UEP19798	Bunyamwera orthobunyavirus	Bunyamwera
UEP19795|Bunyamwera_orthobunyavirus	UEP19795	Bunyamwera orthobunyavirus	Bunyamwera
ACE07184|Shokwe_virus	ACE07184	Shokwe virus	Bunyamwera
AXP32064|Shokwe_virus	AXP32064	Shokwe virus	Bunyamwera
CAM97977|Bozo_virus	CAM97977	Bozo virus	Bunyamwera
AXZ96248|Birao_virus	AXZ96248	Birao virus	Bunyamwera
AXP32000|Birao_virus	AXP32000	Birao virus	Bunyamwera
CAM98683|Ingwavuma_virus	CAM98683	Ingwavuma virus	Simbu
CAM97976|Birao_virus	CAM97976	Birao virus	Bunyamwera
CAM97979|Nola_virus	CAM97979	Nola virus	Bakau
ACE07182|Xingu_virus	ACE07182	Xingu virus	Bunyamwera
AIA08882|Ebinur_lake_virus	AIA08882	Ebinur lake virus	Bunyamwera
WBY50516|Ebinur_lake_virus	WBY50516	Ebinur lake virus	Bunyamwera
AAA87603|Germiston_virus	AAA87603	Germiston virus	Bunyamwera
WAD86910|Ebinur_lake_virus	WAD86910	Ebinur lake virus	Bunyamwera
WAD86905|Ebinur_lake_virus	WAD86905	Ebinur lake virus	Bunyamwera
AQV08289|Tucunduba_virus	AQV08289	Tucunduba virus	Wyeomyia
AQV08283|Tucunduba_virus	AQV08283	Tucunduba virus	Wyeomyia
AQV08286|Tucunduba_virus	AQV08286	Tucunduba virus	Wyeomyia
CAG27072|Bunyamwera_virus	CAG27072	Bunyamwera virus	Bunyamwera
AEZ35272|Tucunduba_virus	AEZ35272	Tucunduba virus	Wyeomyia
AEZ35269|Taiassui_virus	AEZ35269	Taiassui virus	Wyeomyia
AEZ35275|Wyeomyia_orthobunyavirus	AEZ35275	Wyeomyia orthobunyavirus	Wyeomyia
AEZ35279|Wyeomyia_virus_strain_Darien	AEZ35279	Wyeomyia virus strain Darien	Wyeomyia
ACN94406|Wyeomyia_orthobunyavirus	ACN94406	Wyeomyia orthobunyavirus	Wyeomyia
AXP32084|Wyeomyia_orthobunyavirus	AXP32084	Wyeomyia orthobunyavirus	Wyeomyia
AEZ35276|Wyeomyia_virus_strain_TRVL8349	AEZ35276	Wyeomyia virus strain TRVL8349	Wyeomyia
AEZ35263|Macaua_virus	AEZ35263	Macaua virus	Wyeomyia
AEZ35285|Cachoeira_Porteira_virus	AEZ35285	Cachoeira Porteira virus	Wyeomyia
AEZ35266|Sororoca_virus	AEZ35266	Sororoca virus	Wyeomyia
AEZ35260|Iaco_virus	AEZ35260	Iaco virus	Wyeomyia
AEZ35260|Iaco_virus	AEZ35260	Iaco virus	Bunyamwera
AEZ35257|Anhembi_virus	AEZ35257	Anhembi virus	Wyeomyia
AKC42520|Guaroa_virus	AKC42520	Guaroa virus	California
AKC42487|Guaroa_virus	AKC42487	Guaroa virus	California
AKC42499|Guaroa_virus	AKC42499	Guaroa virus	California
AKC42483|Guaroa_virus	AKC42483	Guaroa virus	California
CAA51847|Guaroa_virus	CAA51847	Guaroa virus	California
AKC42507|Guaroa_virus	AKC42507	Guaroa virus	California
AKC42479|Guaroa_virus	AKC42479	Guaroa virus	California
AKC42491|Guaroa_virus	AKC42491	Guaroa virus	California
AKC42495|Guaroa_virus	AKC42495	Guaroa virus	California
AKC42511|Guaroa_virus	AKC42511	Guaroa virus	California
AKC42475|Guaroa_virus	AKC42475	Guaroa virus	California
AKC42515|Guaroa_virus	AKC42515	Guaroa virus	California
AKC42503|Guaroa_virus	AKC42503	Guaroa virus	California
AXU40900|Kairi_virus	AXU40900	Kairi virus	Bunyamwera
AXP32024|Kairi_virus	AXP32024	Kairi virus	Bunyamwera
CAA51849|Kairi_virus	CAA51849	Kairi virus	Bunyamwera
ALC78366|Kairi_virus	ALC78366	Kairi virus	Bunyamwera
ACJ64917|Kairi_virus	ACJ64917	Kairi virus	Bunyamwera
AJT55737|Tete_orthobunyavirus	AJT55737	Tete orthobunyavirus	Tete
AKO90195|Tete_orthobunyavirus	AKO90195	Tete orthobunyavirus	Tete
QLA46989|Batama_virus	QLA46989	Batama virus	Tete
AED98378|I612045_virus	AED98378	I612045 virus	Tete
AJR27941|Bahig_virus	AJR27941	Bahig virus	Tete
AKO90186|Bahig_virus	AKO90186	Bahig virus	Tete
AKO90201|Matruh_virus	AKO90201	Matruh virus	Tete
AEE01389|Oyo_virus	AEE01389	Oyo virus	Ungrouped
QBH98894|Ness_Ziona_virus	QBH98894	Ness Ziona virus	Ungrouped
QLA46876|Weldona_virus	QLA46876	Weldona virus	Tete
QLA47076|Bushbush_virus	QLA47076	Bushbush virus	Capim
QLA47052|Moriche_virus	QLA47052	Moriche virus	Capim
QLA47062|Juan_Diaz_virus	QLA47062	Juan Diaz virus	Capim
QLA46958|Guajara_orthobunyavirus	QLA46958	Guajara orthobunyavirus	Capim
AMR98958|Capim_virus	AMR98958	Capim virus	Capim
ALP92390|Capim_virus	ALP92390	Capim virus	Capim
AKO90189|Guajara_orthobunyavirus	AKO90189	Guajara orthobunyavirus	Capim
QLA47106|Acara_virus	QLA47106	Acara virus	Capim
QLA47085|Benevides_virus	QLA47085	Benevides virus	Capim
QLA47082|Benfica_virus	QLA47082	Benfica virus	Capim
AKO90190|Guama_virus	AKO90190	Guama virus	Guama
AKO90188|Catu_virus	AKO90188	Catu virus	Guama
AKO90187|Bimiti_virus	AKO90187	Bimiti virus	Guama
AKO90193|Moju_virus	AKO90193	Moju virus	Guama
AXY55024|Ananindeua_virus	AXY55024	Ananindeua virus	Guama
APM83097|Ananindeua_virus	APM83097	Ananindeua virus	Guama
QLA46999|Ananindeua_virus	QLA46999	Ananindeua virus	Guama
ALP92133|Mahogany_hammock_virus	ALP92133	Mahogany hammock virus	Guama
QLA47012|Timboteua_virus	QLA47012	Timboteua virus	Guama
QLA46925|Minatitlan_virus	QLA46925	Minatitlan virus	Minatitlan
QLA47079|Bertioga_virus	QLA47079	Bertioga virus	Guama
QLA47073|Cananeia_virus	QLA47073	Cananeia virus	Guama
QLA47068|Guaratuba_virus	QLA47068	Guaratuba virus	Guama
QLA47065|Itimirim_virus	QLA47065	Itimirim virus	Guama
QLA46922|Mirim_virus	QLA46922	Mirim virus	Guama
APM83100|Mirim_virus	APM83100	Mirim virus	Guama
QLA47099|Mirim-like_virus	QLA47099	Mirim-like virus	Guama
AXP33554|Zegla_virus	AXP33554	Zegla virus	Patois
QLA46870|Zegla_virus	QLA46870	Zegla virus	Patois
QLA46899|Patois_virus	QLA46899	Patois virus	Patois
AXP33555|Patois_virus	AXP33555	Patois virus	Patois
AXP33551|Shark_River_virus	AXP33551	Shark River virus	Patois
QLA47042|Pahayokee_virus	QLA47042	Pahayokee virus	Patois
AXP33547|Abras_virus	AXP33547	Abras virus	Patois
AXP31989|Babahoya_virus	AXP31989	Babahoya virus	Patois
QLA47003|Abras_virus	QLA47003	Abras virus	Patois
AXP33549|Babahoya_virus	AXP33549	Babahoya virus	Patois
ANI69986|Bellavista_virus	ANI69986	Bellavista virus	Guama
QLA46969|Enseada_virus	QLA46969	Enseada virus	Ungrouped
AMR98955|Enseada_virus	AMR98955	Enseada virus	Ungrouped
AKB96248|Murutucu_virus	AKB96248	Murutucu virus	Group C
QLA46905|Oriboca_virus	QLA46905	Oriboca virus	Group C
QLA46903|Oriboca_virus	QLA46903	Oriboca virus	Group C
AVX48968|Murutucu_virus	AVX48968	Murutucu virus	Group C
AVX48976|Oriboca_virus	AVX48976	Oriboca virus	Group C
AGW82132|Oriboca_virus	AGW82132	Oriboca virus	Group C
QLA46919|Murutucu_virus	QLA46919	Murutucu virus	Group C
AKB96250|Restan_virus	AKB96250	Restan virus	Group C
QLA46891|Restan_virus	QLA46891	Restan virus	Group C
QLA46929|Marituba_virus	QLA46929	Marituba virus	Group C
AVX48960|Madrid_virus	AVX48960	Madrid virus	Group C
AVX48964|Marituba_virus	AVX48964	Marituba virus	Group C
AGW82128|Marituba_virus	AGW82128	Marituba virus	Group C
ACZ65466|Apeu_virus	ACZ65466	Apeu virus	Group C
AVX48948|Apeu_virus	AVX48948	Apeu virus	Group C
AGW82143|Marituba_virus	AGW82143	Marituba virus	Group C
AWU66160|Orthobunyavirus_sp.	AWU66160	Orthobunyavirus sp.	Group C
AKB96252|Nepuyo_virus	AKB96252	Nepuyo virus	Group C
AVX48972|Nepuyo_virus	AVX48972	Nepuyo virus	Group C
QLA46915|Nepuyo_virus	QLA46915	Nepuyo virus	Group C
AKB96257|Gumbo_Limbo_virus	AKB96257	Gumbo Limbo virus	Group C
QLA46955|Gumbo_Limbo_virus	QLA46955	Gumbo Limbo virus	Group C
QLA46933|Madrid_virus	QLA46933	Madrid virus	Group C
AGW82140|Madrid_virus	AGW82140	Madrid virus	Group C
QLA46881|Vinces_virus	QLA46881	Vinces virus	Group C
AKB96254|Bruconha_virus	AKB96254	Bruconha virus	Group C
QLA46980|Bruconha_virus	QLA46980	Bruconha virus	Group C
AGW82155|Orthobunyavirus_FSL2923	AGW82155	Orthobunyavirus FSL2923	Group C
AJZ73169|Itaya_virus	AJZ73169	Itaya virus	Group C
AWU66124|Orthobunyavirus_sp.	AWU66124	Orthobunyavirus sp.	Group C
AGW82151|Caraparu_virus	AGW82151	Caraparu virus	Group C
QLA46973|Caraparu_virus	QLA46973	Caraparu virus	Group C
AVX48952|Caraparu_virus	AVX48952	Caraparu virus	Group C
AGW82136|Caraparu_virus	AGW82136	Caraparu virus	Group C
QLA46948|Itaqui_virus	QLA46948	Itaqui virus	Group C
AVX48956|Itaqui_virus	AVX48956	Itaqui virus	Group C
AGW82147|Caraparu_virus	AGW82147	Caraparu virus	Group C
AGW82160|Caraparu_virus	AGW82160	Caraparu virus	Group C
AWU66156|Orthobunyavirus_sp.	AWU66156	Orthobunyavirus sp.	Group C
AWU66168|Orthobunyavirus_sp.	AWU66168	Orthobunyavirus sp.	Group C
QCY54398|Umbre_virus	QCY54398	Umbre virus	Turlock
AKO90197|Umbre_virus	AKO90197	Umbre virus	Turlock
QHA34089|Umbre_virus	QHA34089	Umbre virus	Turlock
QHA34171|Umbre_virus	QHA34171	Umbre virus	Turlock
QCY54409|Umbre_virus	QCY54409	Umbre virus	Turlock
QCY54406|Umbre_virus	QCY54406	Umbre virus	Turlock
QCY54404|Umbre_virus	QCY54404	Umbre virus	Turlock
QLA46943|Lednice_virus	QLA46943	Lednice virus	Turlock
QFR36978|Lednice_virus	QFR36978	Lednice virus	Turlock
QFR36980|Lednice_virus	QFR36980	Lednice virus	Turlock
QFR36977|Lednice_virus	QFR36977	Lednice virus	Turlock
QLA46936|M_Poko_virus	QLA46936	M Poko virus	Turlock
QLA46839|Turlock_orthobunyavirus	QLA46839	Turlock orthobunyavirus	Turlock
QLA47006|wongal_virus	QLA47006	wongal virus	Koongol
AKO90191|Koongol_virus	AKO90191	Koongol virus	Koongol
WAD86871|Botambi_virus	WAD86871	Botambi virus	Ungrouped
QLA47059|Ketapang_virus	QLA47059	Ketapang virus	Bakau
QLA46993|Bakau_virus	QLA46993	Bakau virus	Bakau
QLA46911|Nola_virus	QLA46911	Nola virus	Bakau
QLA47020|Telok_Forest_virus	QLA47020	Telok Forest virus	Tanjong Rabok
AKO90199|Witwatersrand_virus	AKO90199	Witwatersrand virus	Ungrouped
QLA47033|San_Juan_virus	QLA47033	San Juan virus	Gamboa
QLA46961|Gamboa_virus	QLA46961	Gamboa virus	Gamboa
QLA46894|Pueblo_Viejo_virus	QLA46894	Pueblo Viejo virus	Gamboa
ATB53319|Pueblo_Viejo_virus	ATB53319	Pueblo Viejo virus	Gamboa
AIS74650|Calchaqui_virus	AIS74650	Calchaqui virus	Gamboa
ATB53313|Gamboa_virus	ATB53313	Gamboa virus	Gamboa
ATB53321|Gamboa_virus	ATB53321	Gamboa virus	Gamboa
ATB53311|Gamboa_virus	ATB53311	Gamboa virus	Gamboa
ATB53309|Gamboa_virus	ATB53309	Gamboa virus	Gamboa
AVG72382|Gamboa_virus	AVG72382	Gamboa virus	Gamboa
ATB53317|Gamboa_virus	ATB53317	Gamboa virus	Gamboa
AIS74652|Alajuela_virus	AIS74652	Alajuela virus	Gamboa
AMD82971|Gamboa_virus	AMD82971	Gamboa virus	Gamboa
AMD82967|Gamboa_virus	AMD82967	Gamboa virus	Gamboa
AMD82969|Gamboa_virus	AMD82969	Gamboa virus	Gamboa
AIS74644|Gamboa_virus	AIS74644	Gamboa virus	Gamboa
ATB53315|Gamboa_virus	ATB53315	Gamboa virus	Gamboa
AMD82965|Gamboa_virus	AMD82965	Gamboa virus	Gamboa
AIS74648|Gamboa_virus	AIS74648	Gamboa virus	Gamboa
AIS74646|Gamboa_virus	AIS74646	Gamboa virus	Gamboa
ASY08208|Tacaiuma_orthobunyavirus	ASY08208	Tacaiuma orthobunyavirus	Anopheles A
ASY08206|Tacaiuma_orthobunyavirus	ASY08206	Tacaiuma orthobunyavirus	Anopheles A
ASY08207|Tacaiuma_orthobunyavirus	ASY08207	Tacaiuma orthobunyavirus	Anopheles A
ASY08204|Tacaiuma_orthobunyavirus	ASY08204	Tacaiuma orthobunyavirus	Anopheles A
ASY08205|Tacaiuma_orthobunyavirus	ASY08205	Tacaiuma orthobunyavirus	Anopheles A
QLA46887|Tacaiuma_orthobunyavirus	QLA46887	Tacaiuma orthobunyavirus	Anopheles A
QLA46986|Boraceia_virus	QLA46986	Boraceia virus	Anopheles B
QLA46983|Boraceia_virus	QLA46983	Boraceia virus	Anopheles B
QLA46996|Anopheles_B_virus	QLA46996	Anopheles B virus	Anopheles B
QLA47055|Las_Maloyas_virus	QLA47055	Las Maloyas virus	Anopheles A
QLA46940|Lukuni_virus	QLA46940	Lukuni virus	Anopheles A
ATJ04176|Anopheles_A_virus	ATJ04176	Anopheles A virus	Anopheles A
AKO90192|Lukuni_virus	AKO90192	Lukuni virus	Anopheles A
AZM68669|Triniti_virus	AZM68669	Triniti virus	Ungrouped
AZM68668|Triniti_virus	AZM68668	Triniti virus	Ungrouped
AZM68670|Triniti_virus	AZM68670	Triniti virus	Ungrouped
QLA47096|Bangui_virus	QLA47096	Bangui virus	Ungrouped
ABT-DRC594|Bangui_virus	ABT-DRC594	Bangui virus	Ungrouped
AYC76692|Nyangole_orthobunyavirus	AYC76692	Nyangole orthobunyavirus	Ungrouped
QLA46884|Tataguine_virus	QLA46884	Tataguine virus	Tanga
ATI21261|Tataguine_virus	ATI21261	Tataguine virus	Tanga
UZT55176|Tataguine_virus	UZT55176	Tataguine virus	Tanga
AJT55740|Tataguine_virus	AJT55740	Tataguine virus	Tanga
AKO90194|Tataguine_virus	AKO90194	Tataguine virus	Tanga
AXS76879|Tataguine_virus	AXS76879	Tataguine virus	Tanga
QLA47049|Okola_virus	QLA47049	Okola virus	Tanga
QLA47023|Tanga_virus	QLA47023	Tanga virus	Tanga
AHL27171|Khurdun_virus	AHL27171	Khurdun virus	NA
